USER_ID,ITEM_ID,EVENT_TYPE,video_duration,duration_watched,TIMESTAMP
5107502f985aa0b73854b067bc41f4b3,26cbcb970c9963d063f7d587fe7ff5a9,Liked,34,19,1705566550
d79312620e8bf2467f1aca069523c99e,7cbe8001605e39226a03bd7e715e0f5b,Shared,7,4,1705569473
22e7ff9d170ec82d8209abe6379a7d80,40fc2e98607e6b6448693cfa448f909b,NA,50,11,1705569084
af9684fd5ed1d0efaf6074aafd159881,40fc2e98607e6b6448693cfa448f909b,Liked,50,4,1705569084
3adcf32f5562d8568d613b325044405c,6e0e010dee526f9d7aab46b2e4682a9f,Liked,49,35,1705566217
4d9389046a07a79e6f73941cbfe05406,6e0e010dee526f9d7aab46b2e4682a9f,Commented,49,29,1705566217
84c058a0c64f2dedc931cf9c9cff6c03,9c548e70860e94fcaf54d2758c0ba29a,Commented,16,11,1705566459
3adcf32f5562d8568d613b325044405c,fc51ec638fad4a4f2346b2b8c3fb9a1c,NA,54,10,1705566734
3adcf32f5562d8568d613b325044405c,b8b3ce3b74093f68faa156731b941a10,Shared,51,29,1705566334
27b0eb67497e35b7cfa94d21f04dac6a,17f6ecc4d6505aa071d1e310e8c195e7,Liked,61,31,1705568299
0da8a6ed49ec9c9c9829956978c70ff0,086b999c965e7d784a7cc7dee3187406,Shared,60,31,1705567729
d79312620e8bf2467f1aca069523c99e,60d966598e7adf8879a741ab986386bb,Shared,9,7,1705567811
e1a084de42e9f2aaa47eb5afc7ce39be,c2a9bb601fd2f559f67db470202fdd1a,Shared,15,2,1705568561
84c058a0c64f2dedc931cf9c9cff6c03,c59e9cfffc0cba73c9673131ac270009,Liked,7,4,1705569576
e1a084de42e9f2aaa47eb5afc7ce39be,df382b18cef70d0c92131e4cf69efd0c,Liked,16,8,1705569298
5107502f985aa0b73854b067bc41f4b3,cea477054ab26d3e85468347d2b339da,Commented,54,51,1705566965
3adcf32f5562d8568d613b325044405c,40fc2e98607e6b6448693cfa448f909b,Shared,50,43,1705569084
e1a084de42e9f2aaa47eb5afc7ce39be,70ca3b97f22088ee6bc4bc22e734ab79,Liked,56,32,1705567555
012cfab8bb38662681f4fa3537106df6,0dde45f98279700aa649783b45c391c0,Commented,16,8,1705569011
e1a084de42e9f2aaa47eb5afc7ce39be,cea477054ab26d3e85468347d2b339da,Liked,54,24,1705566965
5107502f985aa0b73854b067bc41f4b3,0efb5672a1c7e9e0683f31a97eec0bc8,Shared,8,2,1705569161
a2288579b87050b04d5e0188a96a54fb,79d00fee3b1572fc49818ce2f9ac859f,Commented,60,13,1705567645
d3118133336540047cc07627c40215fe,40fc2e98607e6b6448693cfa448f909b,Liked,50,4,1705569084
263a4644ea5b873ba35b14c502c7010b,40fc2e98607e6b6448693cfa448f909b,Liked,50,31,1705569084
f468121171bac06d7500fc1f937c4b11,17f6ecc4d6505aa071d1e310e8c195e7,Commented,61,28,1705568299
5107502f985aa0b73854b067bc41f4b3,df382b18cef70d0c92131e4cf69efd0c,Liked,16,9,1705569298
27b0eb67497e35b7cfa94d21f04dac6a,0dde45f98279700aa649783b45c391c0,Liked,16,3,1705569011
27b0eb67497e35b7cfa94d21f04dac6a,58d5743b213dcef8a3d931217ac1c687,Liked,17,12,1705568745
53ffd4c31493227741ddc006ddb26510,4b40d87c36793bbf370868135e1a9907,Liked,8,6,1705568500
245f9e670de492e964f2f71e4201b345,086b999c965e7d784a7cc7dee3187406,Liked,60,9,1705567729
3adcf32f5562d8568d613b325044405c,7cbe8001605e39226a03bd7e715e0f5b,Liked,7,6,1705569473
0da8a6ed49ec9c9c9829956978c70ff0,58d5743b213dcef8a3d931217ac1c687,Shared,17,2,1705568745
53ffd4c31493227741ddc006ddb26510,70ca3b97f22088ee6bc4bc22e734ab79,Liked,56,1,1705567555
22e7ff9d170ec82d8209abe6379a7d80,0efb5672a1c7e9e0683f31a97eec0bc8,NA,8,4,1705569161
4d9389046a07a79e6f73941cbfe05406,79d00fee3b1572fc49818ce2f9ac859f,Shared,60,32,1705567645
6815c1020771effac81e5295cf9c0553,1c001092a3b5105d4be173d3a58f5305,NA,53,29,1705569222
22e7ff9d170ec82d8209abe6379a7d80,db85c0fbb319209616e48467f5add57a,Liked,7,6,1705569523
16f88ca54189cd79ecb8cb1c43c36dd4,3eefb39a416b942cc89fba599fdb2f5c,Liked,6,1,1705566413
4001bdccd34e8fdfd564bd1078d994ca,9c548e70860e94fcaf54d2758c0ba29a,Shared,16,11,1705566459
53ffd4c31493227741ddc006ddb26510,6e0e010dee526f9d7aab46b2e4682a9f,Liked,49,11,1705566217
4d9389046a07a79e6f73941cbfe05406,79d00fee3b1572fc49818ce2f9ac859f,Liked,60,52,1705567645
d79312620e8bf2467f1aca069523c99e,076bb9628c8bd416f481a363d10b84a0,NA,34,32,1705566679
4d9389046a07a79e6f73941cbfe05406,4b40d87c36793bbf370868135e1a9907,Liked,8,3,1705568500
af9684fd5ed1d0efaf6074aafd159881,17f6ecc4d6505aa071d1e310e8c195e7,Shared,61,54,1705568299
5107502f985aa0b73854b067bc41f4b3,b6151a57fd74de9ee3bd0ca09bb82b45,NA,15,1,1705568935
91b6ce1027172cf5292ebddbe6d26407,60d966598e7adf8879a741ab986386bb,NA,9,6,1705567811
22e7ff9d170ec82d8209abe6379a7d80,c59e9cfffc0cba73c9673131ac270009,Shared,7,5,1705569576
21131740dc09d6a532fd9d23288e79d4,1c001092a3b5105d4be173d3a58f5305,Liked,53,18,1705569222
4d9389046a07a79e6f73941cbfe05406,c59e9cfffc0cba73c9673131ac270009,Liked,7,7,1705569576
5107502f985aa0b73854b067bc41f4b3,70ca3b97f22088ee6bc4bc22e734ab79,Shared,56,21,1705567555
245f9e670de492e964f2f71e4201b345,076bb9628c8bd416f481a363d10b84a0,Shared,34,31,1705566679
4d9389046a07a79e6f73941cbfe05406,3f44d737119484cb06dc8074cfd6ba99,NA,57,11,1705568823
e1a084de42e9f2aaa47eb5afc7ce39be,9c548e70860e94fcaf54d2758c0ba29a,Liked,16,2,1705566459
4d9389046a07a79e6f73941cbfe05406,6e0e010dee526f9d7aab46b2e4682a9f,Commented,49,42,1705566217
07907c62615bb3154efd910e84b5c279,be5a7b7ca77f8e0de9fe5a12479ef45d,Liked,60,23,1705568639
263a4644ea5b873ba35b14c502c7010b,70ca3b97f22088ee6bc4bc22e734ab79,Commented,56,54,1705567555
e1a084de42e9f2aaa47eb5afc7ce39be,086b999c965e7d784a7cc7dee3187406,Liked,60,59,1705567729
af9684fd5ed1d0efaf6074aafd159881,1931bf56b1abc1a9f601b8ba5957fb70,Commented,6,2,1705566602
27b0eb67497e35b7cfa94d21f04dac6a,26cbcb970c9963d063f7d587fe7ff5a9,Liked,34,27,1705566550
de9f506fd891d7d98b0e93bcb99d464f,60d966598e7adf8879a741ab986386bb,Liked,9,6,1705567811
6815c1020771effac81e5295cf9c0553,9c548e70860e94fcaf54d2758c0ba29a,Liked,16,16,1705566459
0da8a6ed49ec9c9c9829956978c70ff0,79d00fee3b1572fc49818ce2f9ac859f,Shared,60,41,1705567645
a2288579b87050b04d5e0188a96a54fb,be5a7b7ca77f8e0de9fe5a12479ef45d,Liked,60,30,1705568639
4001bdccd34e8fdfd564bd1078d994ca,e89ef1a169442cd3fd97768f8b7eca85,Commented,46,33,1705567119
245f9e670de492e964f2f71e4201b345,c5a8744185a281978d31c1575232614c,Commented,15,3,1705567341
91b6ce1027172cf5292ebddbe6d26407,6e0e010dee526f9d7aab46b2e4682a9f,Shared,49,21,1705566217
91b6ce1027172cf5292ebddbe6d26407,e89ef1a169442cd3fd97768f8b7eca85,Liked,46,22,1705567119
21131740dc09d6a532fd9d23288e79d4,6e0e010dee526f9d7aab46b2e4682a9f,Liked,49,14,1705566217
91b6ce1027172cf5292ebddbe6d26407,8314b8d54265ee994dfb3a19e52d8b6c,Commented,24,13,1705567477
84c058a0c64f2dedc931cf9c9cff6c03,40fc2e98607e6b6448693cfa448f909b,Commented,50,24,1705569084
e1a084de42e9f2aaa47eb5afc7ce39be,0dde45f98279700aa649783b45c391c0,Liked,16,2,1705569011
245f9e670de492e964f2f71e4201b345,79d00fee3b1572fc49818ce2f9ac859f,NA,60,36,1705567645
3adcf32f5562d8568d613b325044405c,c09e8de2336177e58550a133004dedbc,Liked,60,11,1705569369
91b6ce1027172cf5292ebddbe6d26407,c2a9bb601fd2f559f67db470202fdd1a,Liked,15,8,1705568561
6815c1020771effac81e5295cf9c0553,41043c99690411d492b458f7c58de15e,Shared,8,3,1705567285
07907c62615bb3154efd910e84b5c279,9c548e70860e94fcaf54d2758c0ba29a,Commented,16,9,1705566459
012cfab8bb38662681f4fa3537106df6,076bb9628c8bd416f481a363d10b84a0,Shared,34,12,1705566679
21131740dc09d6a532fd9d23288e79d4,60d966598e7adf8879a741ab986386bb,Liked,9,9,1705567811
27b0eb67497e35b7cfa94d21f04dac6a,41043c99690411d492b458f7c58de15e,Shared,8,8,1705567285
de9f506fd891d7d98b0e93bcb99d464f,086b999c965e7d784a7cc7dee3187406,Shared,60,22,1705567729
84c058a0c64f2dedc931cf9c9cff6c03,9c548e70860e94fcaf54d2758c0ba29a,Liked,16,10,1705566459
4d9389046a07a79e6f73941cbfe05406,0efb5672a1c7e9e0683f31a97eec0bc8,Liked,8,3,1705569161
53ffd4c31493227741ddc006ddb26510,df382b18cef70d0c92131e4cf69efd0c,NA,16,15,1705569298
84c058a0c64f2dedc931cf9c9cff6c03,58d5743b213dcef8a3d931217ac1c687,Liked,17,7,1705568745
4001bdccd34e8fdfd564bd1078d994ca,fc51ec638fad4a4f2346b2b8c3fb9a1c,Liked,54,23,1705566734
263a4644ea5b873ba35b14c502c7010b,26cbcb970c9963d063f7d587fe7ff5a9,NA,34,26,1705566550
012cfab8bb38662681f4fa3537106df6,58d5743b213dcef8a3d931217ac1c687,NA,17,9,1705568745
22e7ff9d170ec82d8209abe6379a7d80,0efb5672a1c7e9e0683f31a97eec0bc8,Liked,8,3,1705569161
f468121171bac06d7500fc1f937c4b11,b8b3ce3b74093f68faa156731b941a10,Liked,51,10,1705566334
3adcf32f5562d8568d613b325044405c,e89ef1a169442cd3fd97768f8b7eca85,NA,46,19,1705567119
4001bdccd34e8fdfd564bd1078d994ca,fc51ec638fad4a4f2346b2b8c3fb9a1c,Shared,54,45,1705566734
5107502f985aa0b73854b067bc41f4b3,b8b3ce3b74093f68faa156731b941a10,Shared,51,34,1705566334
f468121171bac06d7500fc1f937c4b11,3f44d737119484cb06dc8074cfd6ba99,Liked,57,33,1705568823
f468121171bac06d7500fc1f937c4b11,79d00fee3b1572fc49818ce2f9ac859f,Liked,60,1,1705567645
4d9389046a07a79e6f73941cbfe05406,cea477054ab26d3e85468347d2b339da,Liked,54,30,1705566965
012cfab8bb38662681f4fa3537106df6,8314b8d54265ee994dfb3a19e52d8b6c,Liked,24,24,1705567477
e1a084de42e9f2aaa47eb5afc7ce39be,c2a9bb601fd2f559f67db470202fdd1a,NA,15,7,1705568561
4d9389046a07a79e6f73941cbfe05406,c2a9bb601fd2f559f67db470202fdd1a,Liked,15,6,1705568561
6815c1020771effac81e5295cf9c0553,93eca6b49eb656f26536572e588be8ff,Liked,15,9,1705567427
0da8a6ed49ec9c9c9829956978c70ff0,c09e8de2336177e58550a133004dedbc,Commented,60,59,1705569369
07907c62615bb3154efd910e84b5c279,8314b8d54265ee994dfb3a19e52d8b6c,Commented,24,7,1705567477
d79312620e8bf2467f1aca069523c99e,26568621ecebca2a253a7010f528abf5,Liked,10,1,1705567213
84c058a0c64f2dedc931cf9c9cff6c03,79d00fee3b1572fc49818ce2f9ac859f,Liked,60,35,1705567645
4b6cd851e7edd103e4777fe920ffebe4,60d966598e7adf8879a741ab986386bb,Commented,9,6,1705567811
4d9389046a07a79e6f73941cbfe05406,0efb5672a1c7e9e0683f31a97eec0bc8,Shared,8,3,1705569161
21131740dc09d6a532fd9d23288e79d4,e89ef1a169442cd3fd97768f8b7eca85,Commented,46,11,1705567119
245f9e670de492e964f2f71e4201b345,0efb5672a1c7e9e0683f31a97eec0bc8,Liked,8,1,1705569161
4001bdccd34e8fdfd564bd1078d994ca,7cbe8001605e39226a03bd7e715e0f5b,Liked,7,3,1705569473
4b6cd851e7edd103e4777fe920ffebe4,9c548e70860e94fcaf54d2758c0ba29a,Commented,16,14,1705566459
e1a084de42e9f2aaa47eb5afc7ce39be,b6151a57fd74de9ee3bd0ca09bb82b45,Commented,15,13,1705568935
e1a084de42e9f2aaa47eb5afc7ce39be,40fc2e98607e6b6448693cfa448f909b,Liked,50,33,1705569084
16f88ca54189cd79ecb8cb1c43c36dd4,93eca6b49eb656f26536572e588be8ff,Liked,15,6,1705567427
d79312620e8bf2467f1aca069523c99e,c2a9bb601fd2f559f67db470202fdd1a,Liked,15,6,1705568561
4d9389046a07a79e6f73941cbfe05406,26cbcb970c9963d063f7d587fe7ff5a9,Shared,34,23,1705566550
4d9389046a07a79e6f73941cbfe05406,3eefb39a416b942cc89fba599fdb2f5c,Liked,6,5,1705566413
f468121171bac06d7500fc1f937c4b11,cea477054ab26d3e85468347d2b339da,Shared,54,27,1705566965
84c058a0c64f2dedc931cf9c9cff6c03,0efb5672a1c7e9e0683f31a97eec0bc8,Liked,8,1,1705569161
d79312620e8bf2467f1aca069523c99e,663dfd0f6bb929532c0649e32a73df1a,Liked,46,33,1705567031
4b6cd851e7edd103e4777fe920ffebe4,cea477054ab26d3e85468347d2b339da,Liked,54,41,1705566965
f468121171bac06d7500fc1f937c4b11,c2a9bb601fd2f559f67db470202fdd1a,Commented,15,1,1705568561
4d9389046a07a79e6f73941cbfe05406,41043c99690411d492b458f7c58de15e,NA,8,4,1705567285
4d9389046a07a79e6f73941cbfe05406,26cbcb970c9963d063f7d587fe7ff5a9,NA,34,6,1705566550
16f88ca54189cd79ecb8cb1c43c36dd4,26568621ecebca2a253a7010f528abf5,Shared,10,5,1705567213
de9f506fd891d7d98b0e93bcb99d464f,58d5743b213dcef8a3d931217ac1c687,Liked,17,10,1705568745
af9684fd5ed1d0efaf6074aafd159881,b8b3ce3b74093f68faa156731b941a10,Shared,51,45,1705566334
4b6cd851e7edd103e4777fe920ffebe4,26cbcb970c9963d063f7d587fe7ff5a9,Liked,34,8,1705566550
91b6ce1027172cf5292ebddbe6d26407,26568621ecebca2a253a7010f528abf5,Liked,10,8,1705567213
91b6ce1027172cf5292ebddbe6d26407,c2a9bb601fd2f559f67db470202fdd1a,Shared,15,2,1705568561
16f88ca54189cd79ecb8cb1c43c36dd4,8314b8d54265ee994dfb3a19e52d8b6c,Liked,24,8,1705567477
d3118133336540047cc07627c40215fe,b6151a57fd74de9ee3bd0ca09bb82b45,Shared,15,5,1705568935
e1a084de42e9f2aaa47eb5afc7ce39be,79d00fee3b1572fc49818ce2f9ac859f,Commented,60,42,1705567645
21131740dc09d6a532fd9d23288e79d4,26cbcb970c9963d063f7d587fe7ff5a9,Liked,34,16,1705566550
5107502f985aa0b73854b067bc41f4b3,e89ef1a169442cd3fd97768f8b7eca85,Liked,46,11,1705567119
91b6ce1027172cf5292ebddbe6d26407,c09e8de2336177e58550a133004dedbc,Liked,60,30,1705569369
27b0eb67497e35b7cfa94d21f04dac6a,93eca6b49eb656f26536572e588be8ff,Liked,15,8,1705567427
16f88ca54189cd79ecb8cb1c43c36dd4,41043c99690411d492b458f7c58de15e,Liked,8,8,1705567285
91b6ce1027172cf5292ebddbe6d26407,cea477054ab26d3e85468347d2b339da,Liked,54,1,1705566965
f468121171bac06d7500fc1f937c4b11,0efb5672a1c7e9e0683f31a97eec0bc8,Liked,8,2,1705569161
e1a084de42e9f2aaa47eb5afc7ce39be,663dfd0f6bb929532c0649e32a73df1a,Liked,46,31,1705567031
245f9e670de492e964f2f71e4201b345,58d5743b213dcef8a3d931217ac1c687,Commented,17,12,1705568745
5107502f985aa0b73854b067bc41f4b3,c5a8744185a281978d31c1575232614c,NA,15,5,1705567341
84c058a0c64f2dedc931cf9c9cff6c03,c59e9cfffc0cba73c9673131ac270009,Commented,7,1,1705569576
0da8a6ed49ec9c9c9829956978c70ff0,70ca3b97f22088ee6bc4bc22e734ab79,Liked,56,48,1705567555
e1a084de42e9f2aaa47eb5afc7ce39be,1c001092a3b5105d4be173d3a58f5305,Commented,53,47,1705569222
53ffd4c31493227741ddc006ddb26510,c5a8744185a281978d31c1575232614c,Liked,15,2,1705567341
e1a084de42e9f2aaa47eb5afc7ce39be,26cbcb970c9963d063f7d587fe7ff5a9,Shared,34,33,1705566550
4001bdccd34e8fdfd564bd1078d994ca,70ca3b97f22088ee6bc4bc22e734ab79,Commented,56,56,1705567555
27b0eb67497e35b7cfa94d21f04dac6a,26cbcb970c9963d063f7d587fe7ff5a9,Liked,34,8,1705566550
245f9e670de492e964f2f71e4201b345,cea477054ab26d3e85468347d2b339da,Liked,54,54,1705566965
de9f506fd891d7d98b0e93bcb99d464f,c59e9cfffc0cba73c9673131ac270009,Shared,7,4,1705569576
d79312620e8bf2467f1aca069523c99e,b6151a57fd74de9ee3bd0ca09bb82b45,Liked,15,5,1705568935
012cfab8bb38662681f4fa3537106df6,663dfd0f6bb929532c0649e32a73df1a,Liked,46,6,1705567031
6815c1020771effac81e5295cf9c0553,1931bf56b1abc1a9f601b8ba5957fb70,Liked,6,4,1705566602
0da8a6ed49ec9c9c9829956978c70ff0,0dde45f98279700aa649783b45c391c0,Commented,16,6,1705569011
21131740dc09d6a532fd9d23288e79d4,1c001092a3b5105d4be173d3a58f5305,Liked,53,27,1705569222
245f9e670de492e964f2f71e4201b345,df382b18cef70d0c92131e4cf69efd0c,Liked,16,6,1705569298
3adcf32f5562d8568d613b325044405c,cea477054ab26d3e85468347d2b339da,NA,54,53,1705566965
4b6cd851e7edd103e4777fe920ffebe4,db85c0fbb319209616e48467f5add57a,NA,7,2,1705569523
a2288579b87050b04d5e0188a96a54fb,3f44d737119484cb06dc8074cfd6ba99,Liked,57,53,1705568823
0da8a6ed49ec9c9c9829956978c70ff0,b6151a57fd74de9ee3bd0ca09bb82b45,Shared,15,7,1705568935
263a4644ea5b873ba35b14c502c7010b,0dde45f98279700aa649783b45c391c0,NA,16,16,1705569011
012cfab8bb38662681f4fa3537106df6,c09e8de2336177e58550a133004dedbc,Liked,60,31,1705569369
4001bdccd34e8fdfd564bd1078d994ca,79d00fee3b1572fc49818ce2f9ac859f,Liked,60,5,1705567645
6815c1020771effac81e5295cf9c0553,26cbcb970c9963d063f7d587fe7ff5a9,Liked,34,11,1705566550
263a4644ea5b873ba35b14c502c7010b,9c548e70860e94fcaf54d2758c0ba29a,Liked,16,7,1705566459
af9684fd5ed1d0efaf6074aafd159881,b8b3ce3b74093f68faa156731b941a10,Commented,51,48,1705566334
012cfab8bb38662681f4fa3537106df6,be5a7b7ca77f8e0de9fe5a12479ef45d,Liked,60,11,1705568639
de9f506fd891d7d98b0e93bcb99d464f,1c001092a3b5105d4be173d3a58f5305,Liked,53,14,1705569222
e1a084de42e9f2aaa47eb5afc7ce39be,8314b8d54265ee994dfb3a19e52d8b6c,Liked,24,3,1705567477
e1a084de42e9f2aaa47eb5afc7ce39be,b6151a57fd74de9ee3bd0ca09bb82b45,Liked,15,13,1705568935
af9684fd5ed1d0efaf6074aafd159881,fc51ec638fad4a4f2346b2b8c3fb9a1c,Liked,54,24,1705566734
07907c62615bb3154efd910e84b5c279,93eca6b49eb656f26536572e588be8ff,Liked,15,12,1705567427
e1a084de42e9f2aaa47eb5afc7ce39be,0efb5672a1c7e9e0683f31a97eec0bc8,Liked,8,2,1705569161
5107502f985aa0b73854b067bc41f4b3,40fc2e98607e6b6448693cfa448f909b,Liked,50,8,1705569084
21131740dc09d6a532fd9d23288e79d4,e89ef1a169442cd3fd97768f8b7eca85,Liked,46,40,1705567119
f468121171bac06d7500fc1f937c4b11,9c548e70860e94fcaf54d2758c0ba29a,Shared,16,15,1705566459
6815c1020771effac81e5295cf9c0553,40fc2e98607e6b6448693cfa448f909b,Liked,50,36,1705569084
d3118133336540047cc07627c40215fe,e89ef1a169442cd3fd97768f8b7eca85,Shared,46,31,1705567119
6815c1020771effac81e5295cf9c0553,b6151a57fd74de9ee3bd0ca09bb82b45,Commented,15,8,1705568935
f468121171bac06d7500fc1f937c4b11,cea477054ab26d3e85468347d2b339da,NA,54,25,1705566965
22e7ff9d170ec82d8209abe6379a7d80,c5a8744185a281978d31c1575232614c,NA,15,9,1705567341
07907c62615bb3154efd910e84b5c279,cea477054ab26d3e85468347d2b339da,Liked,54,32,1705566965
21131740dc09d6a532fd9d23288e79d4,8314b8d54265ee994dfb3a19e52d8b6c,Shared,24,19,1705567477
263a4644ea5b873ba35b14c502c7010b,c09e8de2336177e58550a133004dedbc,Shared,60,36,1705569369
53ffd4c31493227741ddc006ddb26510,1c001092a3b5105d4be173d3a58f5305,Liked,53,12,1705569222
f468121171bac06d7500fc1f937c4b11,9c548e70860e94fcaf54d2758c0ba29a,Liked,16,11,1705566459
27b0eb67497e35b7cfa94d21f04dac6a,3eefb39a416b942cc89fba599fdb2f5c,Shared,6,5,1705566413
21131740dc09d6a532fd9d23288e79d4,c59e9cfffc0cba73c9673131ac270009,Liked,7,2,1705569576
4001bdccd34e8fdfd564bd1078d994ca,58d5743b213dcef8a3d931217ac1c687,Liked,17,12,1705568745
5107502f985aa0b73854b067bc41f4b3,be5a7b7ca77f8e0de9fe5a12479ef45d,Liked,60,25,1705568639
22e7ff9d170ec82d8209abe6379a7d80,26568621ecebca2a253a7010f528abf5,Shared,10,10,1705567213
6815c1020771effac81e5295cf9c0553,26cbcb970c9963d063f7d587fe7ff5a9,Liked,34,33,1705566550
22e7ff9d170ec82d8209abe6379a7d80,93eca6b49eb656f26536572e588be8ff,Liked,15,8,1705567427
07907c62615bb3154efd910e84b5c279,9c548e70860e94fcaf54d2758c0ba29a,Liked,16,12,1705566459
f468121171bac06d7500fc1f937c4b11,c5a8744185a281978d31c1575232614c,Liked,15,10,1705567341
3adcf32f5562d8568d613b325044405c,1c001092a3b5105d4be173d3a58f5305,Shared,53,48,1705569222
f468121171bac06d7500fc1f937c4b11,be5a7b7ca77f8e0de9fe5a12479ef45d,Liked,60,25,1705568639
16f88ca54189cd79ecb8cb1c43c36dd4,be5a7b7ca77f8e0de9fe5a12479ef45d,Liked,60,48,1705568639
a2288579b87050b04d5e0188a96a54fb,70ca3b97f22088ee6bc4bc22e734ab79,Shared,56,19,1705567555
4001bdccd34e8fdfd564bd1078d994ca,be5a7b7ca77f8e0de9fe5a12479ef45d,Liked,60,21,1705568639
91b6ce1027172cf5292ebddbe6d26407,7cbe8001605e39226a03bd7e715e0f5b,Shared,7,4,1705569473
91b6ce1027172cf5292ebddbe6d26407,c59e9cfffc0cba73c9673131ac270009,Liked,7,7,1705569576
de9f506fd891d7d98b0e93bcb99d464f,c59e9cfffc0cba73c9673131ac270009,Liked,7,3,1705569576
e1a084de42e9f2aaa47eb5afc7ce39be,663dfd0f6bb929532c0649e32a73df1a,Commented,46,15,1705567031
21131740dc09d6a532fd9d23288e79d4,3f44d737119484cb06dc8074cfd6ba99,Liked,57,46,1705568823
4d9389046a07a79e6f73941cbfe05406,0efb5672a1c7e9e0683f31a97eec0bc8,Commented,8,4,1705569161
53ffd4c31493227741ddc006ddb26510,58d5743b213dcef8a3d931217ac1c687,NA,17,4,1705568745
22e7ff9d170ec82d8209abe6379a7d80,4b40d87c36793bbf370868135e1a9907,Liked,8,5,1705568500
e1a084de42e9f2aaa47eb5afc7ce39be,c09e8de2336177e58550a133004dedbc,Liked,60,21,1705569369
21131740dc09d6a532fd9d23288e79d4,086b999c965e7d784a7cc7dee3187406,Liked,60,40,1705567729
a2288579b87050b04d5e0188a96a54fb,fc51ec638fad4a4f2346b2b8c3fb9a1c,NA,54,29,1705566734
16f88ca54189cd79ecb8cb1c43c36dd4,cea477054ab26d3e85468347d2b339da,Liked,54,22,1705566965
4b6cd851e7edd103e4777fe920ffebe4,b6151a57fd74de9ee3bd0ca09bb82b45,Liked,15,15,1705568935
27b0eb67497e35b7cfa94d21f04dac6a,4b40d87c36793bbf370868135e1a9907,Commented,8,3,1705568500
de9f506fd891d7d98b0e93bcb99d464f,c5a8744185a281978d31c1575232614c,Liked,15,3,1705567341
16f88ca54189cd79ecb8cb1c43c36dd4,3f44d737119484cb06dc8074cfd6ba99,Liked,57,42,1705568823
16f88ca54189cd79ecb8cb1c43c36dd4,df382b18cef70d0c92131e4cf69efd0c,Liked,16,12,1705569298
21131740dc09d6a532fd9d23288e79d4,fc51ec638fad4a4f2346b2b8c3fb9a1c,Liked,54,15,1705566734
27b0eb67497e35b7cfa94d21f04dac6a,db85c0fbb319209616e48467f5add57a,Liked,7,1,1705569523
84c058a0c64f2dedc931cf9c9cff6c03,0dde45f98279700aa649783b45c391c0,Shared,16,12,1705569011
5107502f985aa0b73854b067bc41f4b3,be5a7b7ca77f8e0de9fe5a12479ef45d,NA,60,13,1705568639
53ffd4c31493227741ddc006ddb26510,6e0e010dee526f9d7aab46b2e4682a9f,Shared,49,27,1705566217
4b6cd851e7edd103e4777fe920ffebe4,40fc2e98607e6b6448693cfa448f909b,Commented,50,48,1705569084
012cfab8bb38662681f4fa3537106df6,663dfd0f6bb929532c0649e32a73df1a,NA,46,39,1705567031
af9684fd5ed1d0efaf6074aafd159881,23070d03a2b374b078414bf73666a4df,NA,61,10,1705568394
af9684fd5ed1d0efaf6074aafd159881,663dfd0f6bb929532c0649e32a73df1a,Liked,46,27,1705567031
84c058a0c64f2dedc931cf9c9cff6c03,0dde45f98279700aa649783b45c391c0,Liked,16,4,1705569011
22e7ff9d170ec82d8209abe6379a7d80,58d5743b213dcef8a3d931217ac1c687,Commented,17,11,1705568745
0da8a6ed49ec9c9c9829956978c70ff0,c59e9cfffc0cba73c9673131ac270009,Liked,7,4,1705569576
a2288579b87050b04d5e0188a96a54fb,fc51ec638fad4a4f2346b2b8c3fb9a1c,Liked,54,29,1705566734
22e7ff9d170ec82d8209abe6379a7d80,3f44d737119484cb06dc8074cfd6ba99,Shared,57,51,1705568823
a2288579b87050b04d5e0188a96a54fb,0dde45f98279700aa649783b45c391c0,Liked,16,11,1705569011
27b0eb67497e35b7cfa94d21f04dac6a,26cbcb970c9963d063f7d587fe7ff5a9,NA,34,6,1705566550
22e7ff9d170ec82d8209abe6379a7d80,6e0e010dee526f9d7aab46b2e4682a9f,NA,49,20,1705566217
5107502f985aa0b73854b067bc41f4b3,cea477054ab26d3e85468347d2b339da,Liked,54,1,1705566965
0da8a6ed49ec9c9c9829956978c70ff0,3f44d737119484cb06dc8074cfd6ba99,Commented,57,53,1705568823
245f9e670de492e964f2f71e4201b345,7cbe8001605e39226a03bd7e715e0f5b,Liked,7,6,1705569473
16f88ca54189cd79ecb8cb1c43c36dd4,c59e9cfffc0cba73c9673131ac270009,Commented,7,4,1705569576
84c058a0c64f2dedc931cf9c9cff6c03,79d00fee3b1572fc49818ce2f9ac859f,Liked,60,60,1705567645
53ffd4c31493227741ddc006ddb26510,58d5743b213dcef8a3d931217ac1c687,Liked,17,5,1705568745
de9f506fd891d7d98b0e93bcb99d464f,be5a7b7ca77f8e0de9fe5a12479ef45d,Liked,60,24,1705568639
4d9389046a07a79e6f73941cbfe05406,93eca6b49eb656f26536572e588be8ff,Liked,15,11,1705567427
4001bdccd34e8fdfd564bd1078d994ca,17f6ecc4d6505aa071d1e310e8c195e7,Liked,61,19,1705568299
4001bdccd34e8fdfd564bd1078d994ca,b6151a57fd74de9ee3bd0ca09bb82b45,Liked,15,10,1705568935
af9684fd5ed1d0efaf6074aafd159881,663dfd0f6bb929532c0649e32a73df1a,Shared,46,26,1705567031
de9f506fd891d7d98b0e93bcb99d464f,8314b8d54265ee994dfb3a19e52d8b6c,Shared,24,9,1705567477
3adcf32f5562d8568d613b325044405c,663dfd0f6bb929532c0649e32a73df1a,NA,46,21,1705567031
6815c1020771effac81e5295cf9c0553,26cbcb970c9963d063f7d587fe7ff5a9,Liked,34,1,1705566550
0da8a6ed49ec9c9c9829956978c70ff0,c2a9bb601fd2f559f67db470202fdd1a,NA,15,11,1705568561
27b0eb67497e35b7cfa94d21f04dac6a,0efb5672a1c7e9e0683f31a97eec0bc8,Liked,8,6,1705569161
245f9e670de492e964f2f71e4201b345,b6151a57fd74de9ee3bd0ca09bb82b45,Liked,15,2,1705568935
53ffd4c31493227741ddc006ddb26510,3f44d737119484cb06dc8074cfd6ba99,Liked,57,6,1705568823
0da8a6ed49ec9c9c9829956978c70ff0,1c001092a3b5105d4be173d3a58f5305,Liked,53,21,1705569222
e1a084de42e9f2aaa47eb5afc7ce39be,40fc2e98607e6b6448693cfa448f909b,Shared,50,49,1705569084
0da8a6ed49ec9c9c9829956978c70ff0,fc51ec638fad4a4f2346b2b8c3fb9a1c,NA,54,22,1705566734
0da8a6ed49ec9c9c9829956978c70ff0,79d00fee3b1572fc49818ce2f9ac859f,Liked,60,50,1705567645
4001bdccd34e8fdfd564bd1078d994ca,1c001092a3b5105d4be173d3a58f5305,Shared,53,10,1705569222
e1a084de42e9f2aaa47eb5afc7ce39be,93eca6b49eb656f26536572e588be8ff,Liked,15,12,1705567427
91b6ce1027172cf5292ebddbe6d26407,e89ef1a169442cd3fd97768f8b7eca85,Liked,46,39,1705567119
6815c1020771effac81e5295cf9c0553,db85c0fbb319209616e48467f5add57a,Commented,7,4,1705569523
07907c62615bb3154efd910e84b5c279,0dde45f98279700aa649783b45c391c0,Liked,16,16,1705569011
3adcf32f5562d8568d613b325044405c,086b999c965e7d784a7cc7dee3187406,Shared,60,40,1705567729
4b6cd851e7edd103e4777fe920ffebe4,79d00fee3b1572fc49818ce2f9ac859f,Liked,60,35,1705567645
0da8a6ed49ec9c9c9829956978c70ff0,df382b18cef70d0c92131e4cf69efd0c,Liked,16,16,1705569298
4b6cd851e7edd103e4777fe920ffebe4,17f6ecc4d6505aa071d1e310e8c195e7,Liked,61,44,1705568299
4b6cd851e7edd103e4777fe920ffebe4,93eca6b49eb656f26536572e588be8ff,Liked,15,11,1705567427
22e7ff9d170ec82d8209abe6379a7d80,1c001092a3b5105d4be173d3a58f5305,NA,53,51,1705569222
16f88ca54189cd79ecb8cb1c43c36dd4,40fc2e98607e6b6448693cfa448f909b,Shared,50,5,1705569084
de9f506fd891d7d98b0e93bcb99d464f,c09e8de2336177e58550a133004dedbc,Commented,60,50,1705569369
d3118133336540047cc07627c40215fe,8314b8d54265ee994dfb3a19e52d8b6c,Shared,24,15,1705567477
3adcf32f5562d8568d613b325044405c,8314b8d54265ee994dfb3a19e52d8b6c,Shared,24,22,1705567477
21131740dc09d6a532fd9d23288e79d4,60d966598e7adf8879a741ab986386bb,Liked,9,2,1705567811
21131740dc09d6a532fd9d23288e79d4,1c001092a3b5105d4be173d3a58f5305,Liked,53,14,1705569222
4d9389046a07a79e6f73941cbfe05406,be5a7b7ca77f8e0de9fe5a12479ef45d,Liked,60,18,1705568639
a2288579b87050b04d5e0188a96a54fb,1c001092a3b5105d4be173d3a58f5305,Shared,53,31,1705569222
e1a084de42e9f2aaa47eb5afc7ce39be,0dde45f98279700aa649783b45c391c0,NA,16,8,1705569011
27b0eb67497e35b7cfa94d21f04dac6a,26cbcb970c9963d063f7d587fe7ff5a9,Liked,34,21,1705566550
07907c62615bb3154efd910e84b5c279,60d966598e7adf8879a741ab986386bb,Commented,9,4,1705567811
16f88ca54189cd79ecb8cb1c43c36dd4,41043c99690411d492b458f7c58de15e,Shared,8,8,1705567285
f468121171bac06d7500fc1f937c4b11,26cbcb970c9963d063f7d587fe7ff5a9,Liked,34,31,1705566550
245f9e670de492e964f2f71e4201b345,c2a9bb601fd2f559f67db470202fdd1a,Liked,15,15,1705568561
3adcf32f5562d8568d613b325044405c,93eca6b49eb656f26536572e588be8ff,Liked,15,12,1705567427
d3118133336540047cc07627c40215fe,c09e8de2336177e58550a133004dedbc,Shared,60,2,1705569369
22e7ff9d170ec82d8209abe6379a7d80,3eefb39a416b942cc89fba599fdb2f5c,Commented,6,2,1705566413
af9684fd5ed1d0efaf6074aafd159881,db85c0fbb319209616e48467f5add57a,Shared,7,4,1705569523
af9684fd5ed1d0efaf6074aafd159881,fc51ec638fad4a4f2346b2b8c3fb9a1c,Liked,54,54,1705566734
53ffd4c31493227741ddc006ddb26510,c59e9cfffc0cba73c9673131ac270009,Shared,7,4,1705569576
4001bdccd34e8fdfd564bd1078d994ca,663dfd0f6bb929532c0649e32a73df1a,Commented,46,8,1705567031
91b6ce1027172cf5292ebddbe6d26407,8314b8d54265ee994dfb3a19e52d8b6c,Shared,24,14,1705567477
d3118133336540047cc07627c40215fe,7cbe8001605e39226a03bd7e715e0f5b,Liked,7,2,1705569473
0da8a6ed49ec9c9c9829956978c70ff0,c5a8744185a281978d31c1575232614c,Commented,15,7,1705567341
3adcf32f5562d8568d613b325044405c,58d5743b213dcef8a3d931217ac1c687,Shared,17,7,1705568745
245f9e670de492e964f2f71e4201b345,663dfd0f6bb929532c0649e32a73df1a,Liked,46,15,1705567031
16f88ca54189cd79ecb8cb1c43c36dd4,41043c99690411d492b458f7c58de15e,NA,8,6,1705567285
0da8a6ed49ec9c9c9829956978c70ff0,6e0e010dee526f9d7aab46b2e4682a9f,Liked,49,46,1705566217
16f88ca54189cd79ecb8cb1c43c36dd4,076bb9628c8bd416f481a363d10b84a0,NA,34,15,1705566679
16f88ca54189cd79ecb8cb1c43c36dd4,db85c0fbb319209616e48467f5add57a,Liked,7,1,1705569523
27b0eb67497e35b7cfa94d21f04dac6a,c5a8744185a281978d31c1575232614c,Liked,15,11,1705567341
53ffd4c31493227741ddc006ddb26510,7cbe8001605e39226a03bd7e715e0f5b,Liked,7,3,1705569473
53ffd4c31493227741ddc006ddb26510,17f6ecc4d6505aa071d1e310e8c195e7,Liked,61,9,1705568299
263a4644ea5b873ba35b14c502c7010b,70ca3b97f22088ee6bc4bc22e734ab79,Commented,56,38,1705567555
16f88ca54189cd79ecb8cb1c43c36dd4,41043c99690411d492b458f7c58de15e,NA,8,6,1705567285
263a4644ea5b873ba35b14c502c7010b,7cbe8001605e39226a03bd7e715e0f5b,Liked,7,5,1705569473
21131740dc09d6a532fd9d23288e79d4,60d966598e7adf8879a741ab986386bb,NA,9,8,1705567811
27b0eb67497e35b7cfa94d21f04dac6a,40fc2e98607e6b6448693cfa448f909b,Commented,50,20,1705569084
4d9389046a07a79e6f73941cbfe05406,1c001092a3b5105d4be173d3a58f5305,Liked,53,52,1705569222
3adcf32f5562d8568d613b325044405c,c59e9cfffc0cba73c9673131ac270009,Shared,7,6,1705569576
d3118133336540047cc07627c40215fe,086b999c965e7d784a7cc7dee3187406,Liked,60,39,1705567729
e1a084de42e9f2aaa47eb5afc7ce39be,4b40d87c36793bbf370868135e1a9907,Shared,8,1,1705568500
012cfab8bb38662681f4fa3537106df6,df382b18cef70d0c92131e4cf69efd0c,NA,16,5,1705569298
d79312620e8bf2467f1aca069523c99e,8314b8d54265ee994dfb3a19e52d8b6c,Shared,24,1,1705567477
012cfab8bb38662681f4fa3537106df6,3eefb39a416b942cc89fba599fdb2f5c,Liked,6,3,1705566413
0da8a6ed49ec9c9c9829956978c70ff0,c2a9bb601fd2f559f67db470202fdd1a,Shared,15,15,1705568561
d79312620e8bf2467f1aca069523c99e,60d966598e7adf8879a741ab986386bb,Shared,9,4,1705567811
4d9389046a07a79e6f73941cbfe05406,b8b3ce3b74093f68faa156731b941a10,Shared,51,8,1705566334
4d9389046a07a79e6f73941cbfe05406,41043c99690411d492b458f7c58de15e,NA,8,4,1705567285
e1a084de42e9f2aaa47eb5afc7ce39be,cea477054ab26d3e85468347d2b339da,Commented,54,7,1705566965
4001bdccd34e8fdfd564bd1078d994ca,1c001092a3b5105d4be173d3a58f5305,NA,53,13,1705569222
d3118133336540047cc07627c40215fe,26568621ecebca2a253a7010f528abf5,Liked,10,1,1705567213
d3118133336540047cc07627c40215fe,70ca3b97f22088ee6bc4bc22e734ab79,NA,56,38,1705567555
84c058a0c64f2dedc931cf9c9cff6c03,e89ef1a169442cd3fd97768f8b7eca85,Liked,46,13,1705567119
6815c1020771effac81e5295cf9c0553,1931bf56b1abc1a9f601b8ba5957fb70,Commented,6,6,1705566602
d3118133336540047cc07627c40215fe,1c001092a3b5105d4be173d3a58f5305,Shared,53,40,1705569222
f468121171bac06d7500fc1f937c4b11,3f44d737119484cb06dc8074cfd6ba99,Liked,57,51,1705568823
a2288579b87050b04d5e0188a96a54fb,be5a7b7ca77f8e0de9fe5a12479ef45d,Liked,60,16,1705568639
4d9389046a07a79e6f73941cbfe05406,b6151a57fd74de9ee3bd0ca09bb82b45,Liked,15,14,1705568935
6815c1020771effac81e5295cf9c0553,c59e9cfffc0cba73c9673131ac270009,Liked,7,4,1705569576
4b6cd851e7edd103e4777fe920ffebe4,26cbcb970c9963d063f7d587fe7ff5a9,Liked,34,26,1705566550
d79312620e8bf2467f1aca069523c99e,40fc2e98607e6b6448693cfa448f909b,Liked,50,5,1705569084
5107502f985aa0b73854b067bc41f4b3,be5a7b7ca77f8e0de9fe5a12479ef45d,Liked,60,53,1705568639
d3118133336540047cc07627c40215fe,41043c99690411d492b458f7c58de15e,NA,8,6,1705567285
d79312620e8bf2467f1aca069523c99e,cea477054ab26d3e85468347d2b339da,Liked,54,36,1705566965
3adcf32f5562d8568d613b325044405c,3eefb39a416b942cc89fba599fdb2f5c,Liked,6,3,1705566413
d3118133336540047cc07627c40215fe,8314b8d54265ee994dfb3a19e52d8b6c,Liked,24,23,1705567477
6815c1020771effac81e5295cf9c0553,8314b8d54265ee994dfb3a19e52d8b6c,Liked,24,11,1705567477
4001bdccd34e8fdfd564bd1078d994ca,c59e9cfffc0cba73c9673131ac270009,Commented,7,5,1705569576
a2288579b87050b04d5e0188a96a54fb,cea477054ab26d3e85468347d2b339da,Liked,54,23,1705566965
f468121171bac06d7500fc1f937c4b11,6e0e010dee526f9d7aab46b2e4682a9f,Liked,49,13,1705566217
263a4644ea5b873ba35b14c502c7010b,58d5743b213dcef8a3d931217ac1c687,Liked,17,8,1705568745
0da8a6ed49ec9c9c9829956978c70ff0,086b999c965e7d784a7cc7dee3187406,Liked,60,1,1705567729
af9684fd5ed1d0efaf6074aafd159881,7cbe8001605e39226a03bd7e715e0f5b,Liked,7,7,1705569473
a2288579b87050b04d5e0188a96a54fb,be5a7b7ca77f8e0de9fe5a12479ef45d,Shared,60,48,1705568639
d79312620e8bf2467f1aca069523c99e,df382b18cef70d0c92131e4cf69efd0c,Shared,16,11,1705569298
27b0eb67497e35b7cfa94d21f04dac6a,17f6ecc4d6505aa071d1e310e8c195e7,Shared,61,48,1705568299
d3118133336540047cc07627c40215fe,58d5743b213dcef8a3d931217ac1c687,Shared,17,6,1705568745
a2288579b87050b04d5e0188a96a54fb,0efb5672a1c7e9e0683f31a97eec0bc8,NA,8,1,1705569161
4d9389046a07a79e6f73941cbfe05406,23070d03a2b374b078414bf73666a4df,Liked,61,21,1705568394
6815c1020771effac81e5295cf9c0553,1c001092a3b5105d4be173d3a58f5305,Commented,53,23,1705569222
22e7ff9d170ec82d8209abe6379a7d80,3eefb39a416b942cc89fba599fdb2f5c,Commented,6,4,1705566413
d3118133336540047cc07627c40215fe,1931bf56b1abc1a9f601b8ba5957fb70,Liked,6,2,1705566602
6815c1020771effac81e5295cf9c0553,17f6ecc4d6505aa071d1e310e8c195e7,Liked,61,15,1705568299
22e7ff9d170ec82d8209abe6379a7d80,b8b3ce3b74093f68faa156731b941a10,Shared,51,22,1705566334
3adcf32f5562d8568d613b325044405c,58d5743b213dcef8a3d931217ac1c687,Shared,17,8,1705568745
a2288579b87050b04d5e0188a96a54fb,076bb9628c8bd416f481a363d10b84a0,Liked,34,20,1705566679
0da8a6ed49ec9c9c9829956978c70ff0,93eca6b49eb656f26536572e588be8ff,Liked,15,3,1705567427
de9f506fd891d7d98b0e93bcb99d464f,663dfd0f6bb929532c0649e32a73df1a,Shared,46,41,1705567031
22e7ff9d170ec82d8209abe6379a7d80,b8b3ce3b74093f68faa156731b941a10,Liked,51,46,1705566334
16f88ca54189cd79ecb8cb1c43c36dd4,1c001092a3b5105d4be173d3a58f5305,Liked,53,8,1705569222
4d9389046a07a79e6f73941cbfe05406,93eca6b49eb656f26536572e588be8ff,Liked,15,7,1705567427
0da8a6ed49ec9c9c9829956978c70ff0,3eefb39a416b942cc89fba599fdb2f5c,Liked,6,4,1705566413
012cfab8bb38662681f4fa3537106df6,40fc2e98607e6b6448693cfa448f909b,Liked,50,40,1705569084
f468121171bac06d7500fc1f937c4b11,c2a9bb601fd2f559f67db470202fdd1a,Shared,15,5,1705568561
263a4644ea5b873ba35b14c502c7010b,9c548e70860e94fcaf54d2758c0ba29a,Liked,16,13,1705566459
f468121171bac06d7500fc1f937c4b11,fc51ec638fad4a4f2346b2b8c3fb9a1c,Liked,54,32,1705566734
0da8a6ed49ec9c9c9829956978c70ff0,1c001092a3b5105d4be173d3a58f5305,Liked,53,53,1705569222
de9f506fd891d7d98b0e93bcb99d464f,076bb9628c8bd416f481a363d10b84a0,Liked,34,33,1705566679
07907c62615bb3154efd910e84b5c279,076bb9628c8bd416f481a363d10b84a0,NA,34,15,1705566679
6815c1020771effac81e5295cf9c0553,0efb5672a1c7e9e0683f31a97eec0bc8,NA,8,4,1705569161
f468121171bac06d7500fc1f937c4b11,0dde45f98279700aa649783b45c391c0,Liked,16,14,1705569011
245f9e670de492e964f2f71e4201b345,93eca6b49eb656f26536572e588be8ff,Liked,15,3,1705567427
e1a084de42e9f2aaa47eb5afc7ce39be,b8b3ce3b74093f68faa156731b941a10,Commented,51,43,1705566334
6815c1020771effac81e5295cf9c0553,be5a7b7ca77f8e0de9fe5a12479ef45d,Liked,60,22,1705568639
21131740dc09d6a532fd9d23288e79d4,663dfd0f6bb929532c0649e32a73df1a,Liked,46,42,1705567031
22e7ff9d170ec82d8209abe6379a7d80,db85c0fbb319209616e48467f5add57a,Liked,7,2,1705569523
27b0eb67497e35b7cfa94d21f04dac6a,df382b18cef70d0c92131e4cf69efd0c,Commented,16,15,1705569298
245f9e670de492e964f2f71e4201b345,b6151a57fd74de9ee3bd0ca09bb82b45,Liked,15,13,1705568935
27b0eb67497e35b7cfa94d21f04dac6a,e89ef1a169442cd3fd97768f8b7eca85,Shared,46,39,1705567119
4001bdccd34e8fdfd564bd1078d994ca,cea477054ab26d3e85468347d2b339da,Liked,54,10,1705566965
245f9e670de492e964f2f71e4201b345,cea477054ab26d3e85468347d2b339da,Shared,54,33,1705566965
4001bdccd34e8fdfd564bd1078d994ca,7cbe8001605e39226a03bd7e715e0f5b,Shared,7,4,1705569473
5107502f985aa0b73854b067bc41f4b3,26cbcb970c9963d063f7d587fe7ff5a9,Liked,34,31,1705566550
4b6cd851e7edd103e4777fe920ffebe4,3eefb39a416b942cc89fba599fdb2f5c,Shared,6,2,1705566413
21131740dc09d6a532fd9d23288e79d4,7cbe8001605e39226a03bd7e715e0f5b,Commented,7,4,1705569473
245f9e670de492e964f2f71e4201b345,cea477054ab26d3e85468347d2b339da,Commented,54,8,1705566965
4d9389046a07a79e6f73941cbfe05406,8314b8d54265ee994dfb3a19e52d8b6c,Liked,24,2,1705567477
91b6ce1027172cf5292ebddbe6d26407,b6151a57fd74de9ee3bd0ca09bb82b45,Shared,15,15,1705568935
0da8a6ed49ec9c9c9829956978c70ff0,1c001092a3b5105d4be173d3a58f5305,Liked,53,49,1705569222
263a4644ea5b873ba35b14c502c7010b,0dde45f98279700aa649783b45c391c0,Liked,16,1,1705569011
d3118133336540047cc07627c40215fe,58d5743b213dcef8a3d931217ac1c687,Liked,17,3,1705568745
5107502f985aa0b73854b067bc41f4b3,c09e8de2336177e58550a133004dedbc,Liked,60,27,1705569369
a2288579b87050b04d5e0188a96a54fb,26cbcb970c9963d063f7d587fe7ff5a9,Liked,34,21,1705566550
a2288579b87050b04d5e0188a96a54fb,60d966598e7adf8879a741ab986386bb,Shared,9,2,1705567811
5107502f985aa0b73854b067bc41f4b3,663dfd0f6bb929532c0649e32a73df1a,Liked,46,39,1705567031
a2288579b87050b04d5e0188a96a54fb,663dfd0f6bb929532c0649e32a73df1a,NA,46,25,1705567031
91b6ce1027172cf5292ebddbe6d26407,086b999c965e7d784a7cc7dee3187406,Liked,60,12,1705567729
22e7ff9d170ec82d8209abe6379a7d80,17f6ecc4d6505aa071d1e310e8c195e7,Liked,61,18,1705568299
263a4644ea5b873ba35b14c502c7010b,79d00fee3b1572fc49818ce2f9ac859f,Shared,60,17,1705567645
84c058a0c64f2dedc931cf9c9cff6c03,e89ef1a169442cd3fd97768f8b7eca85,NA,46,35,1705567119
d79312620e8bf2467f1aca069523c99e,b8b3ce3b74093f68faa156731b941a10,Commented,51,2,1705566334
07907c62615bb3154efd910e84b5c279,fc51ec638fad4a4f2346b2b8c3fb9a1c,Liked,54,45,1705566734
22e7ff9d170ec82d8209abe6379a7d80,60d966598e7adf8879a741ab986386bb,Liked,9,7,1705567811
3adcf32f5562d8568d613b325044405c,fc51ec638fad4a4f2346b2b8c3fb9a1c,Shared,54,28,1705566734
245f9e670de492e964f2f71e4201b345,086b999c965e7d784a7cc7dee3187406,Shared,60,23,1705567729
53ffd4c31493227741ddc006ddb26510,7cbe8001605e39226a03bd7e715e0f5b,Shared,7,7,1705569473
91b6ce1027172cf5292ebddbe6d26407,4b40d87c36793bbf370868135e1a9907,Liked,8,2,1705568500
91b6ce1027172cf5292ebddbe6d26407,086b999c965e7d784a7cc7dee3187406,Shared,60,35,1705567729
21131740dc09d6a532fd9d23288e79d4,60d966598e7adf8879a741ab986386bb,Liked,9,1,1705567811
4d9389046a07a79e6f73941cbfe05406,79d00fee3b1572fc49818ce2f9ac859f,Shared,60,18,1705567645
de9f506fd891d7d98b0e93bcb99d464f,e89ef1a169442cd3fd97768f8b7eca85,Shared,46,19,1705567119
4b6cd851e7edd103e4777fe920ffebe4,b8b3ce3b74093f68faa156731b941a10,Shared,51,45,1705566334
84c058a0c64f2dedc931cf9c9cff6c03,c59e9cfffc0cba73c9673131ac270009,Liked,7,4,1705569576
5107502f985aa0b73854b067bc41f4b3,17f6ecc4d6505aa071d1e310e8c195e7,NA,61,36,1705568299
4001bdccd34e8fdfd564bd1078d994ca,b6151a57fd74de9ee3bd0ca09bb82b45,Shared,15,8,1705568935
de9f506fd891d7d98b0e93bcb99d464f,58d5743b213dcef8a3d931217ac1c687,Shared,17,13,1705568745
4d9389046a07a79e6f73941cbfe05406,23070d03a2b374b078414bf73666a4df,Liked,61,43,1705568394
4001bdccd34e8fdfd564bd1078d994ca,db85c0fbb319209616e48467f5add57a,NA,7,6,1705569523
84c058a0c64f2dedc931cf9c9cff6c03,cea477054ab26d3e85468347d2b339da,Liked,54,48,1705566965
07907c62615bb3154efd910e84b5c279,17f6ecc4d6505aa071d1e310e8c195e7,Liked,61,18,1705568299
263a4644ea5b873ba35b14c502c7010b,70ca3b97f22088ee6bc4bc22e734ab79,Shared,56,17,1705567555
de9f506fd891d7d98b0e93bcb99d464f,40fc2e98607e6b6448693cfa448f909b,Liked,50,18,1705569084
21131740dc09d6a532fd9d23288e79d4,df382b18cef70d0c92131e4cf69efd0c,Liked,16,4,1705569298
a2288579b87050b04d5e0188a96a54fb,70ca3b97f22088ee6bc4bc22e734ab79,Commented,56,24,1705567555
f468121171bac06d7500fc1f937c4b11,4b40d87c36793bbf370868135e1a9907,Liked,8,4,1705568500
af9684fd5ed1d0efaf6074aafd159881,076bb9628c8bd416f481a363d10b84a0,Commented,34,24,1705566679
07907c62615bb3154efd910e84b5c279,0dde45f98279700aa649783b45c391c0,Shared,16,15,1705569011
de9f506fd891d7d98b0e93bcb99d464f,c5a8744185a281978d31c1575232614c,Commented,15,11,1705567341
af9684fd5ed1d0efaf6074aafd159881,79d00fee3b1572fc49818ce2f9ac859f,Shared,60,15,1705567645
4001bdccd34e8fdfd564bd1078d994ca,7cbe8001605e39226a03bd7e715e0f5b,Shared,7,7,1705569473
f468121171bac06d7500fc1f937c4b11,df382b18cef70d0c92131e4cf69efd0c,Commented,16,15,1705569298
d3118133336540047cc07627c40215fe,0dde45f98279700aa649783b45c391c0,NA,16,8,1705569011
d3118133336540047cc07627c40215fe,0dde45f98279700aa649783b45c391c0,Commented,16,4,1705569011
27b0eb67497e35b7cfa94d21f04dac6a,b6151a57fd74de9ee3bd0ca09bb82b45,Liked,15,8,1705568935
16f88ca54189cd79ecb8cb1c43c36dd4,26cbcb970c9963d063f7d587fe7ff5a9,Liked,34,27,1705566550
012cfab8bb38662681f4fa3537106df6,c09e8de2336177e58550a133004dedbc,Liked,60,38,1705569369
263a4644ea5b873ba35b14c502c7010b,93eca6b49eb656f26536572e588be8ff,Liked,15,7,1705567427
0da8a6ed49ec9c9c9829956978c70ff0,0dde45f98279700aa649783b45c391c0,Liked,16,4,1705569011
53ffd4c31493227741ddc006ddb26510,41043c99690411d492b458f7c58de15e,Liked,8,1,1705567285
0da8a6ed49ec9c9c9829956978c70ff0,93eca6b49eb656f26536572e588be8ff,Liked,15,14,1705567427
84c058a0c64f2dedc931cf9c9cff6c03,3eefb39a416b942cc89fba599fdb2f5c,Liked,6,5,1705566413
16f88ca54189cd79ecb8cb1c43c36dd4,c2a9bb601fd2f559f67db470202fdd1a,Liked,15,14,1705568561
5107502f985aa0b73854b067bc41f4b3,23070d03a2b374b078414bf73666a4df,Liked,61,6,1705568394
21131740dc09d6a532fd9d23288e79d4,60d966598e7adf8879a741ab986386bb,Liked,9,7,1705567811
22e7ff9d170ec82d8209abe6379a7d80,c09e8de2336177e58550a133004dedbc,Commented,60,46,1705569369
21131740dc09d6a532fd9d23288e79d4,79d00fee3b1572fc49818ce2f9ac859f,Shared,60,20,1705567645
84c058a0c64f2dedc931cf9c9cff6c03,b6151a57fd74de9ee3bd0ca09bb82b45,Liked,15,5,1705568935
4d9389046a07a79e6f73941cbfe05406,26cbcb970c9963d063f7d587fe7ff5a9,Liked,34,25,1705566550
af9684fd5ed1d0efaf6074aafd159881,b6151a57fd74de9ee3bd0ca09bb82b45,NA,15,12,1705568935
22e7ff9d170ec82d8209abe6379a7d80,c2a9bb601fd2f559f67db470202fdd1a,Liked,15,7,1705568561
4b6cd851e7edd103e4777fe920ffebe4,086b999c965e7d784a7cc7dee3187406,Liked,60,27,1705567729
07907c62615bb3154efd910e84b5c279,df382b18cef70d0c92131e4cf69efd0c,Shared,16,14,1705569298
53ffd4c31493227741ddc006ddb26510,7cbe8001605e39226a03bd7e715e0f5b,NA,7,1,1705569473
d3118133336540047cc07627c40215fe,60d966598e7adf8879a741ab986386bb,Liked,9,8,1705567811
d3118133336540047cc07627c40215fe,b6151a57fd74de9ee3bd0ca09bb82b45,Liked,15,7,1705568935
53ffd4c31493227741ddc006ddb26510,9c548e70860e94fcaf54d2758c0ba29a,NA,16,6,1705566459
0da8a6ed49ec9c9c9829956978c70ff0,663dfd0f6bb929532c0649e32a73df1a,Liked,46,34,1705567031
6815c1020771effac81e5295cf9c0553,c5a8744185a281978d31c1575232614c,NA,15,6,1705567341
27b0eb67497e35b7cfa94d21f04dac6a,40fc2e98607e6b6448693cfa448f909b,NA,50,34,1705569084
4d9389046a07a79e6f73941cbfe05406,076bb9628c8bd416f481a363d10b84a0,Shared,34,24,1705566679
0da8a6ed49ec9c9c9829956978c70ff0,b6151a57fd74de9ee3bd0ca09bb82b45,Shared,15,6,1705568935
4001bdccd34e8fdfd564bd1078d994ca,79d00fee3b1572fc49818ce2f9ac859f,Liked,60,20,1705567645
d3118133336540047cc07627c40215fe,663dfd0f6bb929532c0649e32a73df1a,Liked,46,31,1705567031
a2288579b87050b04d5e0188a96a54fb,df382b18cef70d0c92131e4cf69efd0c,Liked,16,16,1705569298
012cfab8bb38662681f4fa3537106df6,1c001092a3b5105d4be173d3a58f5305,Commented,53,26,1705569222
af9684fd5ed1d0efaf6074aafd159881,db85c0fbb319209616e48467f5add57a,NA,7,4,1705569523
de9f506fd891d7d98b0e93bcb99d464f,79d00fee3b1572fc49818ce2f9ac859f,NA,60,39,1705567645
84c058a0c64f2dedc931cf9c9cff6c03,e89ef1a169442cd3fd97768f8b7eca85,Liked,46,26,1705567119
22e7ff9d170ec82d8209abe6379a7d80,41043c99690411d492b458f7c58de15e,Liked,8,3,1705567285
0da8a6ed49ec9c9c9829956978c70ff0,076bb9628c8bd416f481a363d10b84a0,Shared,34,21,1705566679
e1a084de42e9f2aaa47eb5afc7ce39be,17f6ecc4d6505aa071d1e310e8c195e7,Shared,61,23,1705568299
af9684fd5ed1d0efaf6074aafd159881,c2a9bb601fd2f559f67db470202fdd1a,Liked,15,15,1705568561
0da8a6ed49ec9c9c9829956978c70ff0,1931bf56b1abc1a9f601b8ba5957fb70,Liked,6,2,1705566602
07907c62615bb3154efd910e84b5c279,7cbe8001605e39226a03bd7e715e0f5b,Liked,7,4,1705569473
22e7ff9d170ec82d8209abe6379a7d80,9c548e70860e94fcaf54d2758c0ba29a,Liked,16,7,1705566459
4001bdccd34e8fdfd564bd1078d994ca,c59e9cfffc0cba73c9673131ac270009,Shared,7,3,1705569576
0da8a6ed49ec9c9c9829956978c70ff0,79d00fee3b1572fc49818ce2f9ac859f,Liked,60,20,1705567645
07907c62615bb3154efd910e84b5c279,23070d03a2b374b078414bf73666a4df,Shared,61,43,1705568394
4b6cd851e7edd103e4777fe920ffebe4,26cbcb970c9963d063f7d587fe7ff5a9,Liked,34,11,1705566550
e1a084de42e9f2aaa47eb5afc7ce39be,e89ef1a169442cd3fd97768f8b7eca85,NA,46,5,1705567119
012cfab8bb38662681f4fa3537106df6,79d00fee3b1572fc49818ce2f9ac859f,Liked,60,4,1705567645
af9684fd5ed1d0efaf6074aafd159881,3eefb39a416b942cc89fba599fdb2f5c,Liked,6,3,1705566413
263a4644ea5b873ba35b14c502c7010b,c5a8744185a281978d31c1575232614c,Liked,15,6,1705567341
d79312620e8bf2467f1aca069523c99e,8314b8d54265ee994dfb3a19e52d8b6c,Shared,24,7,1705567477
de9f506fd891d7d98b0e93bcb99d464f,fc51ec638fad4a4f2346b2b8c3fb9a1c,Commented,54,51,1705566734
012cfab8bb38662681f4fa3537106df6,79d00fee3b1572fc49818ce2f9ac859f,NA,60,45,1705567645
07907c62615bb3154efd910e84b5c279,17f6ecc4d6505aa071d1e310e8c195e7,Liked,61,50,1705568299
e1a084de42e9f2aaa47eb5afc7ce39be,b8b3ce3b74093f68faa156731b941a10,Liked,51,19,1705566334
d3118133336540047cc07627c40215fe,7cbe8001605e39226a03bd7e715e0f5b,Commented,7,4,1705569473
af9684fd5ed1d0efaf6074aafd159881,70ca3b97f22088ee6bc4bc22e734ab79,Shared,56,56,1705567555
3adcf32f5562d8568d613b325044405c,076bb9628c8bd416f481a363d10b84a0,Liked,34,4,1705566679
84c058a0c64f2dedc931cf9c9cff6c03,db85c0fbb319209616e48467f5add57a,Liked,7,7,1705569523
53ffd4c31493227741ddc006ddb26510,7cbe8001605e39226a03bd7e715e0f5b,Commented,7,5,1705569473
5107502f985aa0b73854b067bc41f4b3,6e0e010dee526f9d7aab46b2e4682a9f,Liked,49,48,1705566217
a2288579b87050b04d5e0188a96a54fb,cea477054ab26d3e85468347d2b339da,Liked,54,39,1705566965
e1a084de42e9f2aaa47eb5afc7ce39be,b8b3ce3b74093f68faa156731b941a10,Shared,51,36,1705566334
d79312620e8bf2467f1aca069523c99e,6e0e010dee526f9d7aab46b2e4682a9f,Liked,49,5,1705566217
4d9389046a07a79e6f73941cbfe05406,23070d03a2b374b078414bf73666a4df,Liked,61,51,1705568394
245f9e670de492e964f2f71e4201b345,26568621ecebca2a253a7010f528abf5,Shared,10,8,1705567213
84c058a0c64f2dedc931cf9c9cff6c03,cea477054ab26d3e85468347d2b339da,NA,54,21,1705566965
07907c62615bb3154efd910e84b5c279,93eca6b49eb656f26536572e588be8ff,Shared,15,10,1705567427
a2288579b87050b04d5e0188a96a54fb,0efb5672a1c7e9e0683f31a97eec0bc8,NA,8,1,1705569161
91b6ce1027172cf5292ebddbe6d26407,9c548e70860e94fcaf54d2758c0ba29a,NA,16,5,1705566459
af9684fd5ed1d0efaf6074aafd159881,db85c0fbb319209616e48467f5add57a,Liked,7,6,1705569523
84c058a0c64f2dedc931cf9c9cff6c03,e89ef1a169442cd3fd97768f8b7eca85,Liked,46,34,1705567119
22e7ff9d170ec82d8209abe6379a7d80,8314b8d54265ee994dfb3a19e52d8b6c,Liked,24,10,1705567477
27b0eb67497e35b7cfa94d21f04dac6a,c5a8744185a281978d31c1575232614c,Commented,15,2,1705567341
af9684fd5ed1d0efaf6074aafd159881,79d00fee3b1572fc49818ce2f9ac859f,Liked,60,39,1705567645
21131740dc09d6a532fd9d23288e79d4,70ca3b97f22088ee6bc4bc22e734ab79,Liked,56,8,1705567555
3adcf32f5562d8568d613b325044405c,1931bf56b1abc1a9f601b8ba5957fb70,Liked,6,6,1705566602
07907c62615bb3154efd910e84b5c279,23070d03a2b374b078414bf73666a4df,Liked,61,55,1705568394
27b0eb67497e35b7cfa94d21f04dac6a,be5a7b7ca77f8e0de9fe5a12479ef45d,Liked,60,46,1705568639
21131740dc09d6a532fd9d23288e79d4,c5a8744185a281978d31c1575232614c,Liked,15,8,1705567341
012cfab8bb38662681f4fa3537106df6,b8b3ce3b74093f68faa156731b941a10,Liked,51,23,1705566334
91b6ce1027172cf5292ebddbe6d26407,93eca6b49eb656f26536572e588be8ff,Liked,15,1,1705567427
3adcf32f5562d8568d613b325044405c,1c001092a3b5105d4be173d3a58f5305,Liked,53,29,1705569222
21131740dc09d6a532fd9d23288e79d4,e89ef1a169442cd3fd97768f8b7eca85,Liked,46,12,1705567119
de9f506fd891d7d98b0e93bcb99d464f,c2a9bb601fd2f559f67db470202fdd1a,Liked,15,3,1705568561
af9684fd5ed1d0efaf6074aafd159881,c5a8744185a281978d31c1575232614c,Liked,15,14,1705567341
16f88ca54189cd79ecb8cb1c43c36dd4,3eefb39a416b942cc89fba599fdb2f5c,NA,6,6,1705566413
22e7ff9d170ec82d8209abe6379a7d80,60d966598e7adf8879a741ab986386bb,Liked,9,4,1705567811
6815c1020771effac81e5295cf9c0553,60d966598e7adf8879a741ab986386bb,Commented,9,3,1705567811
21131740dc09d6a532fd9d23288e79d4,41043c99690411d492b458f7c58de15e,Shared,8,2,1705567285
e1a084de42e9f2aaa47eb5afc7ce39be,b6151a57fd74de9ee3bd0ca09bb82b45,Liked,15,3,1705568935
d3118133336540047cc07627c40215fe,41043c99690411d492b458f7c58de15e,Shared,8,3,1705567285
07907c62615bb3154efd910e84b5c279,0dde45f98279700aa649783b45c391c0,Liked,16,5,1705569011
4b6cd851e7edd103e4777fe920ffebe4,93eca6b49eb656f26536572e588be8ff,Liked,15,2,1705567427
af9684fd5ed1d0efaf6074aafd159881,7cbe8001605e39226a03bd7e715e0f5b,Liked,7,6,1705569473
4001bdccd34e8fdfd564bd1078d994ca,b6151a57fd74de9ee3bd0ca09bb82b45,Shared,15,12,1705568935
84c058a0c64f2dedc931cf9c9cff6c03,e89ef1a169442cd3fd97768f8b7eca85,Shared,46,42,1705567119
07907c62615bb3154efd910e84b5c279,60d966598e7adf8879a741ab986386bb,Liked,9,8,1705567811
d3118133336540047cc07627c40215fe,0dde45f98279700aa649783b45c391c0,Commented,16,9,1705569011
a2288579b87050b04d5e0188a96a54fb,41043c99690411d492b458f7c58de15e,Shared,8,7,1705567285
22e7ff9d170ec82d8209abe6379a7d80,b8b3ce3b74093f68faa156731b941a10,Liked,51,6,1705566334
07907c62615bb3154efd910e84b5c279,9c548e70860e94fcaf54d2758c0ba29a,NA,16,1,1705566459
f468121171bac06d7500fc1f937c4b11,b6151a57fd74de9ee3bd0ca09bb82b45,Liked,15,5,1705568935
07907c62615bb3154efd910e84b5c279,58d5743b213dcef8a3d931217ac1c687,Commented,17,4,1705568745
6815c1020771effac81e5295cf9c0553,58d5743b213dcef8a3d931217ac1c687,Commented,17,8,1705568745
4b6cd851e7edd103e4777fe920ffebe4,26cbcb970c9963d063f7d587fe7ff5a9,Liked,34,6,1705566550
245f9e670de492e964f2f71e4201b345,0dde45f98279700aa649783b45c391c0,Shared,16,14,1705569011
e1a084de42e9f2aaa47eb5afc7ce39be,40fc2e98607e6b6448693cfa448f909b,Liked,50,7,1705569084
af9684fd5ed1d0efaf6074aafd159881,086b999c965e7d784a7cc7dee3187406,NA,60,57,1705567729
4d9389046a07a79e6f73941cbfe05406,6e0e010dee526f9d7aab46b2e4682a9f,Shared,49,9,1705566217
6815c1020771effac81e5295cf9c0553,0dde45f98279700aa649783b45c391c0,Liked,16,14,1705569011
4b6cd851e7edd103e4777fe920ffebe4,93eca6b49eb656f26536572e588be8ff,Commented,15,5,1705567427
4b6cd851e7edd103e4777fe920ffebe4,0efb5672a1c7e9e0683f31a97eec0bc8,Liked,8,4,1705569161
012cfab8bb38662681f4fa3537106df6,4b40d87c36793bbf370868135e1a9907,Liked,8,7,1705568500
5107502f985aa0b73854b067bc41f4b3,c59e9cfffc0cba73c9673131ac270009,NA,7,5,1705569576
d79312620e8bf2467f1aca069523c99e,663dfd0f6bb929532c0649e32a73df1a,Liked,46,45,1705567031
6815c1020771effac81e5295cf9c0553,0dde45f98279700aa649783b45c391c0,Shared,16,4,1705569011
d3118133336540047cc07627c40215fe,17f6ecc4d6505aa071d1e310e8c195e7,Shared,61,56,1705568299
07907c62615bb3154efd910e84b5c279,be5a7b7ca77f8e0de9fe5a12479ef45d,Liked,60,60,1705568639
263a4644ea5b873ba35b14c502c7010b,26cbcb970c9963d063f7d587fe7ff5a9,Liked,34,20,1705566550
6815c1020771effac81e5295cf9c0553,c2a9bb601fd2f559f67db470202fdd1a,Shared,15,9,1705568561
27b0eb67497e35b7cfa94d21f04dac6a,70ca3b97f22088ee6bc4bc22e734ab79,Commented,56,24,1705567555
4d9389046a07a79e6f73941cbfe05406,c2a9bb601fd2f559f67db470202fdd1a,Liked,15,5,1705568561
84c058a0c64f2dedc931cf9c9cff6c03,b6151a57fd74de9ee3bd0ca09bb82b45,Liked,15,5,1705568935
4b6cd851e7edd103e4777fe920ffebe4,70ca3b97f22088ee6bc4bc22e734ab79,Liked,56,42,1705567555
3adcf32f5562d8568d613b325044405c,4b40d87c36793bbf370868135e1a9907,Shared,8,5,1705568500
245f9e670de492e964f2f71e4201b345,db85c0fbb319209616e48467f5add57a,Liked,7,7,1705569523
3adcf32f5562d8568d613b325044405c,26cbcb970c9963d063f7d587fe7ff5a9,NA,34,12,1705566550
21131740dc09d6a532fd9d23288e79d4,3eefb39a416b942cc89fba599fdb2f5c,Liked,6,4,1705566413
6815c1020771effac81e5295cf9c0553,3eefb39a416b942cc89fba599fdb2f5c,Shared,6,5,1705566413
6815c1020771effac81e5295cf9c0553,40fc2e98607e6b6448693cfa448f909b,Liked,50,26,1705569084
af9684fd5ed1d0efaf6074aafd159881,70ca3b97f22088ee6bc4bc22e734ab79,Liked,56,16,1705567555
d79312620e8bf2467f1aca069523c99e,3f44d737119484cb06dc8074cfd6ba99,Liked,57,48,1705568823
84c058a0c64f2dedc931cf9c9cff6c03,0efb5672a1c7e9e0683f31a97eec0bc8,Liked,8,3,1705569161
6815c1020771effac81e5295cf9c0553,8314b8d54265ee994dfb3a19e52d8b6c,Liked,24,24,1705567477
de9f506fd891d7d98b0e93bcb99d464f,c09e8de2336177e58550a133004dedbc,Commented,60,33,1705569369
263a4644ea5b873ba35b14c502c7010b,c2a9bb601fd2f559f67db470202fdd1a,Shared,15,11,1705568561
6815c1020771effac81e5295cf9c0553,b6151a57fd74de9ee3bd0ca09bb82b45,NA,15,6,1705568935
27b0eb67497e35b7cfa94d21f04dac6a,93eca6b49eb656f26536572e588be8ff,Shared,15,10,1705567427
07907c62615bb3154efd910e84b5c279,70ca3b97f22088ee6bc4bc22e734ab79,Liked,56,21,1705567555
22e7ff9d170ec82d8209abe6379a7d80,663dfd0f6bb929532c0649e32a73df1a,Liked,46,17,1705567031
4b6cd851e7edd103e4777fe920ffebe4,c2a9bb601fd2f559f67db470202fdd1a,Liked,15,10,1705568561
263a4644ea5b873ba35b14c502c7010b,e89ef1a169442cd3fd97768f8b7eca85,Liked,46,11,1705567119
27b0eb67497e35b7cfa94d21f04dac6a,076bb9628c8bd416f481a363d10b84a0,Liked,34,17,1705566679
27b0eb67497e35b7cfa94d21f04dac6a,076bb9628c8bd416f481a363d10b84a0,Liked,34,9,1705566679
4b6cd851e7edd103e4777fe920ffebe4,c59e9cfffc0cba73c9673131ac270009,Liked,7,6,1705569576
4d9389046a07a79e6f73941cbfe05406,41043c99690411d492b458f7c58de15e,Liked,8,1,1705567285
3adcf32f5562d8568d613b325044405c,9c548e70860e94fcaf54d2758c0ba29a,Shared,16,1,1705566459
012cfab8bb38662681f4fa3537106df6,076bb9628c8bd416f481a363d10b84a0,Shared,34,24,1705566679
4b6cd851e7edd103e4777fe920ffebe4,1931bf56b1abc1a9f601b8ba5957fb70,Shared,6,3,1705566602
e1a084de42e9f2aaa47eb5afc7ce39be,41043c99690411d492b458f7c58de15e,Liked,8,2,1705567285
d3118133336540047cc07627c40215fe,26568621ecebca2a253a7010f528abf5,Liked,10,1,1705567213
4b6cd851e7edd103e4777fe920ffebe4,6e0e010dee526f9d7aab46b2e4682a9f,Liked,49,34,1705566217
4001bdccd34e8fdfd564bd1078d994ca,6e0e010dee526f9d7aab46b2e4682a9f,Liked,49,43,1705566217
21131740dc09d6a532fd9d23288e79d4,26cbcb970c9963d063f7d587fe7ff5a9,Liked,34,27,1705566550
84c058a0c64f2dedc931cf9c9cff6c03,076bb9628c8bd416f481a363d10b84a0,Shared,34,31,1705566679
22e7ff9d170ec82d8209abe6379a7d80,3eefb39a416b942cc89fba599fdb2f5c,NA,6,3,1705566413
de9f506fd891d7d98b0e93bcb99d464f,79d00fee3b1572fc49818ce2f9ac859f,Liked,60,21,1705567645
af9684fd5ed1d0efaf6074aafd159881,6e0e010dee526f9d7aab46b2e4682a9f,NA,49,14,1705566217
4d9389046a07a79e6f73941cbfe05406,c2a9bb601fd2f559f67db470202fdd1a,Liked,15,10,1705568561
012cfab8bb38662681f4fa3537106df6,0efb5672a1c7e9e0683f31a97eec0bc8,Shared,8,4,1705569161
f468121171bac06d7500fc1f937c4b11,be5a7b7ca77f8e0de9fe5a12479ef45d,Liked,60,59,1705568639
de9f506fd891d7d98b0e93bcb99d464f,8314b8d54265ee994dfb3a19e52d8b6c,Shared,24,2,1705567477
0da8a6ed49ec9c9c9829956978c70ff0,79d00fee3b1572fc49818ce2f9ac859f,Shared,60,33,1705567645
4d9389046a07a79e6f73941cbfe05406,6e0e010dee526f9d7aab46b2e4682a9f,Liked,49,47,1705566217
d3118133336540047cc07627c40215fe,40fc2e98607e6b6448693cfa448f909b,Commented,50,6,1705569084
5107502f985aa0b73854b067bc41f4b3,e89ef1a169442cd3fd97768f8b7eca85,Liked,46,35,1705567119
5107502f985aa0b73854b067bc41f4b3,fc51ec638fad4a4f2346b2b8c3fb9a1c,Liked,54,31,1705566734
53ffd4c31493227741ddc006ddb26510,79d00fee3b1572fc49818ce2f9ac859f,Commented,60,58,1705567645
245f9e670de492e964f2f71e4201b345,60d966598e7adf8879a741ab986386bb,Shared,9,9,1705567811
07907c62615bb3154efd910e84b5c279,fc51ec638fad4a4f2346b2b8c3fb9a1c,Shared,54,26,1705566734
4b6cd851e7edd103e4777fe920ffebe4,086b999c965e7d784a7cc7dee3187406,Shared,60,35,1705567729
6815c1020771effac81e5295cf9c0553,0dde45f98279700aa649783b45c391c0,NA,16,3,1705569011
3adcf32f5562d8568d613b325044405c,4b40d87c36793bbf370868135e1a9907,Shared,8,1,1705568500
6815c1020771effac81e5295cf9c0553,79d00fee3b1572fc49818ce2f9ac859f,Liked,60,34,1705567645
22e7ff9d170ec82d8209abe6379a7d80,4b40d87c36793bbf370868135e1a9907,Liked,8,7,1705568500
91b6ce1027172cf5292ebddbe6d26407,6e0e010dee526f9d7aab46b2e4682a9f,Shared,49,36,1705566217
27b0eb67497e35b7cfa94d21f04dac6a,7cbe8001605e39226a03bd7e715e0f5b,Liked,7,1,1705569473
22e7ff9d170ec82d8209abe6379a7d80,79d00fee3b1572fc49818ce2f9ac859f,Liked,60,30,1705567645
5107502f985aa0b73854b067bc41f4b3,79d00fee3b1572fc49818ce2f9ac859f,Shared,60,47,1705567645
d3118133336540047cc07627c40215fe,086b999c965e7d784a7cc7dee3187406,NA,60,57,1705567729
263a4644ea5b873ba35b14c502c7010b,4b40d87c36793bbf370868135e1a9907,Liked,8,5,1705568500
263a4644ea5b873ba35b14c502c7010b,c59e9cfffc0cba73c9673131ac270009,NA,7,4,1705569576
84c058a0c64f2dedc931cf9c9cff6c03,db85c0fbb319209616e48467f5add57a,Liked,7,4,1705569523
21131740dc09d6a532fd9d23288e79d4,79d00fee3b1572fc49818ce2f9ac859f,Liked,60,16,1705567645
de9f506fd891d7d98b0e93bcb99d464f,db85c0fbb319209616e48467f5add57a,Shared,7,6,1705569523
af9684fd5ed1d0efaf6074aafd159881,60d966598e7adf8879a741ab986386bb,Liked,9,1,1705567811
de9f506fd891d7d98b0e93bcb99d464f,b8b3ce3b74093f68faa156731b941a10,Shared,51,44,1705566334
de9f506fd891d7d98b0e93bcb99d464f,663dfd0f6bb929532c0649e32a73df1a,Shared,46,13,1705567031
e1a084de42e9f2aaa47eb5afc7ce39be,4b40d87c36793bbf370868135e1a9907,Liked,8,4,1705568500
21131740dc09d6a532fd9d23288e79d4,23070d03a2b374b078414bf73666a4df,Shared,61,28,1705568394
263a4644ea5b873ba35b14c502c7010b,c09e8de2336177e58550a133004dedbc,Shared,60,22,1705569369
3adcf32f5562d8568d613b325044405c,60d966598e7adf8879a741ab986386bb,Commented,9,9,1705567811
e1a084de42e9f2aaa47eb5afc7ce39be,70ca3b97f22088ee6bc4bc22e734ab79,Liked,56,27,1705567555
07907c62615bb3154efd910e84b5c279,c2a9bb601fd2f559f67db470202fdd1a,Liked,15,6,1705568561
4001bdccd34e8fdfd564bd1078d994ca,9c548e70860e94fcaf54d2758c0ba29a,Liked,16,9,1705566459
6815c1020771effac81e5295cf9c0553,70ca3b97f22088ee6bc4bc22e734ab79,Liked,56,54,1705567555
27b0eb67497e35b7cfa94d21f04dac6a,93eca6b49eb656f26536572e588be8ff,NA,15,4,1705567427
4b6cd851e7edd103e4777fe920ffebe4,7cbe8001605e39226a03bd7e715e0f5b,Liked,7,5,1705569473
4b6cd851e7edd103e4777fe920ffebe4,60d966598e7adf8879a741ab986386bb,Liked,9,9,1705567811
245f9e670de492e964f2f71e4201b345,c5a8744185a281978d31c1575232614c,Liked,15,7,1705567341
de9f506fd891d7d98b0e93bcb99d464f,c5a8744185a281978d31c1575232614c,Liked,15,11,1705567341
d3118133336540047cc07627c40215fe,fc51ec638fad4a4f2346b2b8c3fb9a1c,Liked,54,18,1705566734
245f9e670de492e964f2f71e4201b345,b6151a57fd74de9ee3bd0ca09bb82b45,Liked,15,5,1705568935
af9684fd5ed1d0efaf6074aafd159881,cea477054ab26d3e85468347d2b339da,Liked,54,17,1705566965
de9f506fd891d7d98b0e93bcb99d464f,70ca3b97f22088ee6bc4bc22e734ab79,Commented,56,20,1705567555
91b6ce1027172cf5292ebddbe6d26407,1c001092a3b5105d4be173d3a58f5305,Shared,53,51,1705569222
f468121171bac06d7500fc1f937c4b11,40fc2e98607e6b6448693cfa448f909b,Liked,50,48,1705569084
22e7ff9d170ec82d8209abe6379a7d80,0dde45f98279700aa649783b45c391c0,Liked,16,6,1705569011
22e7ff9d170ec82d8209abe6379a7d80,41043c99690411d492b458f7c58de15e,Shared,8,4,1705567285
21131740dc09d6a532fd9d23288e79d4,076bb9628c8bd416f481a363d10b84a0,Liked,34,2,1705566679
4001bdccd34e8fdfd564bd1078d994ca,c59e9cfffc0cba73c9673131ac270009,Commented,7,2,1705569576
e1a084de42e9f2aaa47eb5afc7ce39be,3f44d737119484cb06dc8074cfd6ba99,Liked,57,24,1705568823
3adcf32f5562d8568d613b325044405c,076bb9628c8bd416f481a363d10b84a0,Shared,34,27,1705566679
de9f506fd891d7d98b0e93bcb99d464f,9c548e70860e94fcaf54d2758c0ba29a,Liked,16,1,1705566459
263a4644ea5b873ba35b14c502c7010b,c5a8744185a281978d31c1575232614c,Liked,15,8,1705567341
22e7ff9d170ec82d8209abe6379a7d80,b6151a57fd74de9ee3bd0ca09bb82b45,Liked,15,3,1705568935
53ffd4c31493227741ddc006ddb26510,db85c0fbb319209616e48467f5add57a,Shared,7,3,1705569523
21131740dc09d6a532fd9d23288e79d4,c2a9bb601fd2f559f67db470202fdd1a,Shared,15,5,1705568561
3adcf32f5562d8568d613b325044405c,8314b8d54265ee994dfb3a19e52d8b6c,Liked,24,7,1705567477
0da8a6ed49ec9c9c9829956978c70ff0,26568621ecebca2a253a7010f528abf5,Shared,10,1,1705567213
263a4644ea5b873ba35b14c502c7010b,fc51ec638fad4a4f2346b2b8c3fb9a1c,Shared,54,12,1705566734
22e7ff9d170ec82d8209abe6379a7d80,0efb5672a1c7e9e0683f31a97eec0bc8,Shared,8,6,1705569161
263a4644ea5b873ba35b14c502c7010b,086b999c965e7d784a7cc7dee3187406,Shared,60,44,1705567729
4d9389046a07a79e6f73941cbfe05406,1931bf56b1abc1a9f601b8ba5957fb70,Commented,6,6,1705566602
af9684fd5ed1d0efaf6074aafd159881,6e0e010dee526f9d7aab46b2e4682a9f,Liked,49,18,1705566217
5107502f985aa0b73854b067bc41f4b3,0dde45f98279700aa649783b45c391c0,Liked,16,2,1705569011
012cfab8bb38662681f4fa3537106df6,23070d03a2b374b078414bf73666a4df,Liked,61,20,1705568394
84c058a0c64f2dedc931cf9c9cff6c03,c59e9cfffc0cba73c9673131ac270009,Liked,7,2,1705569576
16f88ca54189cd79ecb8cb1c43c36dd4,3f44d737119484cb06dc8074cfd6ba99,Commented,57,55,1705568823
f468121171bac06d7500fc1f937c4b11,40fc2e98607e6b6448693cfa448f909b,NA,50,4,1705569084
0da8a6ed49ec9c9c9829956978c70ff0,23070d03a2b374b078414bf73666a4df,Shared,61,7,1705568394
f468121171bac06d7500fc1f937c4b11,23070d03a2b374b078414bf73666a4df,NA,61,35,1705568394
e1a084de42e9f2aaa47eb5afc7ce39be,3f44d737119484cb06dc8074cfd6ba99,Liked,57,44,1705568823
de9f506fd891d7d98b0e93bcb99d464f,58d5743b213dcef8a3d931217ac1c687,Liked,17,3,1705568745
16f88ca54189cd79ecb8cb1c43c36dd4,b6151a57fd74de9ee3bd0ca09bb82b45,Commented,15,14,1705568935
263a4644ea5b873ba35b14c502c7010b,3eefb39a416b942cc89fba599fdb2f5c,Shared,6,1,1705566413
0da8a6ed49ec9c9c9829956978c70ff0,c5a8744185a281978d31c1575232614c,Commented,15,3,1705567341
27b0eb67497e35b7cfa94d21f04dac6a,8314b8d54265ee994dfb3a19e52d8b6c,Liked,24,19,1705567477
53ffd4c31493227741ddc006ddb26510,c09e8de2336177e58550a133004dedbc,Shared,60,15,1705569369
53ffd4c31493227741ddc006ddb26510,93eca6b49eb656f26536572e588be8ff,Liked,15,11,1705567427
a2288579b87050b04d5e0188a96a54fb,4b40d87c36793bbf370868135e1a9907,Liked,8,3,1705568500
a2288579b87050b04d5e0188a96a54fb,663dfd0f6bb929532c0649e32a73df1a,Liked,46,16,1705567031
84c058a0c64f2dedc931cf9c9cff6c03,93eca6b49eb656f26536572e588be8ff,Shared,15,9,1705567427
53ffd4c31493227741ddc006ddb26510,e89ef1a169442cd3fd97768f8b7eca85,NA,46,3,1705567119
af9684fd5ed1d0efaf6074aafd159881,41043c99690411d492b458f7c58de15e,Commented,8,2,1705567285
07907c62615bb3154efd910e84b5c279,3eefb39a416b942cc89fba599fdb2f5c,Shared,6,3,1705566413
07907c62615bb3154efd910e84b5c279,1931bf56b1abc1a9f601b8ba5957fb70,Shared,6,4,1705566602
d79312620e8bf2467f1aca069523c99e,663dfd0f6bb929532c0649e32a73df1a,Commented,46,22,1705567031
27b0eb67497e35b7cfa94d21f04dac6a,e89ef1a169442cd3fd97768f8b7eca85,Commented,46,30,1705567119
16f88ca54189cd79ecb8cb1c43c36dd4,23070d03a2b374b078414bf73666a4df,NA,61,23,1705568394
4001bdccd34e8fdfd564bd1078d994ca,076bb9628c8bd416f481a363d10b84a0,Liked,34,26,1705566679
22e7ff9d170ec82d8209abe6379a7d80,1931bf56b1abc1a9f601b8ba5957fb70,Liked,6,4,1705566602
d79312620e8bf2467f1aca069523c99e,076bb9628c8bd416f481a363d10b84a0,NA,34,13,1705566679
53ffd4c31493227741ddc006ddb26510,79d00fee3b1572fc49818ce2f9ac859f,Shared,60,22,1705567645
53ffd4c31493227741ddc006ddb26510,086b999c965e7d784a7cc7dee3187406,NA,60,23,1705567729
0da8a6ed49ec9c9c9829956978c70ff0,076bb9628c8bd416f481a363d10b84a0,Liked,34,32,1705566679
af9684fd5ed1d0efaf6074aafd159881,086b999c965e7d784a7cc7dee3187406,Commented,60,24,1705567729
3adcf32f5562d8568d613b325044405c,3f44d737119484cb06dc8074cfd6ba99,Shared,57,35,1705568823
f468121171bac06d7500fc1f937c4b11,70ca3b97f22088ee6bc4bc22e734ab79,Liked,56,51,1705567555
af9684fd5ed1d0efaf6074aafd159881,663dfd0f6bb929532c0649e32a73df1a,Liked,46,11,1705567031
21131740dc09d6a532fd9d23288e79d4,df382b18cef70d0c92131e4cf69efd0c,Shared,16,5,1705569298
af9684fd5ed1d0efaf6074aafd159881,c2a9bb601fd2f559f67db470202fdd1a,Shared,15,13,1705568561
245f9e670de492e964f2f71e4201b345,17f6ecc4d6505aa071d1e310e8c195e7,Shared,61,7,1705568299
245f9e670de492e964f2f71e4201b345,c2a9bb601fd2f559f67db470202fdd1a,Commented,15,9,1705568561
af9684fd5ed1d0efaf6074aafd159881,4b40d87c36793bbf370868135e1a9907,Liked,8,8,1705568500
53ffd4c31493227741ddc006ddb26510,40fc2e98607e6b6448693cfa448f909b,NA,50,5,1705569084
4001bdccd34e8fdfd564bd1078d994ca,26568621ecebca2a253a7010f528abf5,Liked,10,1,1705567213
d79312620e8bf2467f1aca069523c99e,0dde45f98279700aa649783b45c391c0,Liked,16,15,1705569011
07907c62615bb3154efd910e84b5c279,70ca3b97f22088ee6bc4bc22e734ab79,Commented,56,40,1705567555
d79312620e8bf2467f1aca069523c99e,60d966598e7adf8879a741ab986386bb,NA,9,4,1705567811
263a4644ea5b873ba35b14c502c7010b,41043c99690411d492b458f7c58de15e,Shared,8,4,1705567285
3adcf32f5562d8568d613b325044405c,4b40d87c36793bbf370868135e1a9907,Commented,8,8,1705568500
263a4644ea5b873ba35b14c502c7010b,cea477054ab26d3e85468347d2b339da,Shared,54,10,1705566965
21131740dc09d6a532fd9d23288e79d4,93eca6b49eb656f26536572e588be8ff,Commented,15,8,1705567427
53ffd4c31493227741ddc006ddb26510,93eca6b49eb656f26536572e588be8ff,Liked,15,9,1705567427
de9f506fd891d7d98b0e93bcb99d464f,58d5743b213dcef8a3d931217ac1c687,Shared,17,1,1705568745
3adcf32f5562d8568d613b325044405c,df382b18cef70d0c92131e4cf69efd0c,Liked,16,6,1705569298
de9f506fd891d7d98b0e93bcb99d464f,db85c0fbb319209616e48467f5add57a,Commented,7,3,1705569523
21131740dc09d6a532fd9d23288e79d4,b8b3ce3b74093f68faa156731b941a10,Commented,51,32,1705566334
e1a084de42e9f2aaa47eb5afc7ce39be,7cbe8001605e39226a03bd7e715e0f5b,Liked,7,4,1705569473
07907c62615bb3154efd910e84b5c279,26568621ecebca2a253a7010f528abf5,Liked,10,9,1705567213
6815c1020771effac81e5295cf9c0553,086b999c965e7d784a7cc7dee3187406,Liked,60,2,1705567729
d79312620e8bf2467f1aca069523c99e,fc51ec638fad4a4f2346b2b8c3fb9a1c,Liked,54,16,1705566734
d79312620e8bf2467f1aca069523c99e,c2a9bb601fd2f559f67db470202fdd1a,Commented,15,10,1705568561
91b6ce1027172cf5292ebddbe6d26407,58d5743b213dcef8a3d931217ac1c687,Shared,17,1,1705568745
0da8a6ed49ec9c9c9829956978c70ff0,c2a9bb601fd2f559f67db470202fdd1a,Commented,15,2,1705568561
f468121171bac06d7500fc1f937c4b11,79d00fee3b1572fc49818ce2f9ac859f,Commented,60,44,1705567645
af9684fd5ed1d0efaf6074aafd159881,93eca6b49eb656f26536572e588be8ff,Commented,15,6,1705567427
a2288579b87050b04d5e0188a96a54fb,be5a7b7ca77f8e0de9fe5a12479ef45d,Shared,60,45,1705568639
f468121171bac06d7500fc1f937c4b11,70ca3b97f22088ee6bc4bc22e734ab79,Liked,56,29,1705567555
5107502f985aa0b73854b067bc41f4b3,40fc2e98607e6b6448693cfa448f909b,Liked,50,16,1705569084
d3118133336540047cc07627c40215fe,e89ef1a169442cd3fd97768f8b7eca85,Shared,46,13,1705567119
3adcf32f5562d8568d613b325044405c,9c548e70860e94fcaf54d2758c0ba29a,Liked,16,11,1705566459
3adcf32f5562d8568d613b325044405c,17f6ecc4d6505aa071d1e310e8c195e7,Liked,61,22,1705568299
f468121171bac06d7500fc1f937c4b11,40fc2e98607e6b6448693cfa448f909b,Liked,50,40,1705569084
245f9e670de492e964f2f71e4201b345,58d5743b213dcef8a3d931217ac1c687,Liked,17,4,1705568745
4d9389046a07a79e6f73941cbfe05406,79d00fee3b1572fc49818ce2f9ac859f,Shared,60,58,1705567645
21131740dc09d6a532fd9d23288e79d4,23070d03a2b374b078414bf73666a4df,Shared,61,9,1705568394
6815c1020771effac81e5295cf9c0553,c2a9bb601fd2f559f67db470202fdd1a,Liked,15,9,1705568561
21131740dc09d6a532fd9d23288e79d4,b8b3ce3b74093f68faa156731b941a10,Shared,51,10,1705566334
012cfab8bb38662681f4fa3537106df6,076bb9628c8bd416f481a363d10b84a0,Shared,34,12,1705566679
53ffd4c31493227741ddc006ddb26510,1931bf56b1abc1a9f601b8ba5957fb70,Shared,6,5,1705566602
a2288579b87050b04d5e0188a96a54fb,e89ef1a169442cd3fd97768f8b7eca85,Shared,46,3,1705567119
6815c1020771effac81e5295cf9c0553,17f6ecc4d6505aa071d1e310e8c195e7,NA,61,5,1705568299
4d9389046a07a79e6f73941cbfe05406,17f6ecc4d6505aa071d1e310e8c195e7,Shared,61,50,1705568299
0da8a6ed49ec9c9c9829956978c70ff0,e89ef1a169442cd3fd97768f8b7eca85,Commented,46,10,1705567119
a2288579b87050b04d5e0188a96a54fb,1c001092a3b5105d4be173d3a58f5305,Shared,53,9,1705569222
263a4644ea5b873ba35b14c502c7010b,4b40d87c36793bbf370868135e1a9907,Liked,8,7,1705568500
e1a084de42e9f2aaa47eb5afc7ce39be,58d5743b213dcef8a3d931217ac1c687,Liked,17,5,1705568745
a2288579b87050b04d5e0188a96a54fb,e89ef1a169442cd3fd97768f8b7eca85,Liked,46,36,1705567119
d3118133336540047cc07627c40215fe,8314b8d54265ee994dfb3a19e52d8b6c,Commented,24,11,1705567477
22e7ff9d170ec82d8209abe6379a7d80,c5a8744185a281978d31c1575232614c,NA,15,5,1705567341
4001bdccd34e8fdfd564bd1078d994ca,b6151a57fd74de9ee3bd0ca09bb82b45,Shared,15,12,1705568935
22e7ff9d170ec82d8209abe6379a7d80,3eefb39a416b942cc89fba599fdb2f5c,Commented,6,3,1705566413
5107502f985aa0b73854b067bc41f4b3,6e0e010dee526f9d7aab46b2e4682a9f,NA,49,18,1705566217
4d9389046a07a79e6f73941cbfe05406,c5a8744185a281978d31c1575232614c,Liked,15,11,1705567341
6815c1020771effac81e5295cf9c0553,076bb9628c8bd416f481a363d10b84a0,Liked,34,27,1705566679
de9f506fd891d7d98b0e93bcb99d464f,086b999c965e7d784a7cc7dee3187406,Commented,60,31,1705567729
3adcf32f5562d8568d613b325044405c,c2a9bb601fd2f559f67db470202fdd1a,Liked,15,12,1705568561
d3118133336540047cc07627c40215fe,26cbcb970c9963d063f7d587fe7ff5a9,Commented,34,26,1705566550
22e7ff9d170ec82d8209abe6379a7d80,26cbcb970c9963d063f7d587fe7ff5a9,Shared,34,32,1705566550
0da8a6ed49ec9c9c9829956978c70ff0,70ca3b97f22088ee6bc4bc22e734ab79,Shared,56,38,1705567555
84c058a0c64f2dedc931cf9c9cff6c03,3f44d737119484cb06dc8074cfd6ba99,Liked,57,55,1705568823
22e7ff9d170ec82d8209abe6379a7d80,086b999c965e7d784a7cc7dee3187406,Liked,60,13,1705567729
16f88ca54189cd79ecb8cb1c43c36dd4,1931bf56b1abc1a9f601b8ba5957fb70,Liked,6,3,1705566602
4b6cd851e7edd103e4777fe920ffebe4,7cbe8001605e39226a03bd7e715e0f5b,Shared,7,7,1705569473
d3118133336540047cc07627c40215fe,8314b8d54265ee994dfb3a19e52d8b6c,NA,24,4,1705567477
d3118133336540047cc07627c40215fe,3f44d737119484cb06dc8074cfd6ba99,Liked,57,32,1705568823
91b6ce1027172cf5292ebddbe6d26407,4b40d87c36793bbf370868135e1a9907,Shared,8,5,1705568500
4001bdccd34e8fdfd564bd1078d994ca,58d5743b213dcef8a3d931217ac1c687,Commented,17,12,1705568745
22e7ff9d170ec82d8209abe6379a7d80,db85c0fbb319209616e48467f5add57a,Shared,7,3,1705569523
de9f506fd891d7d98b0e93bcb99d464f,8314b8d54265ee994dfb3a19e52d8b6c,Liked,24,3,1705567477
84c058a0c64f2dedc931cf9c9cff6c03,e89ef1a169442cd3fd97768f8b7eca85,Liked,46,41,1705567119
263a4644ea5b873ba35b14c502c7010b,93eca6b49eb656f26536572e588be8ff,Liked,15,9,1705567427
4d9389046a07a79e6f73941cbfe05406,0efb5672a1c7e9e0683f31a97eec0bc8,Shared,8,3,1705569161
4b6cd851e7edd103e4777fe920ffebe4,58d5743b213dcef8a3d931217ac1c687,NA,17,5,1705568745
263a4644ea5b873ba35b14c502c7010b,60d966598e7adf8879a741ab986386bb,Liked,9,8,1705567811
07907c62615bb3154efd910e84b5c279,8314b8d54265ee994dfb3a19e52d8b6c,Shared,24,6,1705567477
263a4644ea5b873ba35b14c502c7010b,fc51ec638fad4a4f2346b2b8c3fb9a1c,Liked,54,33,1705566734
21131740dc09d6a532fd9d23288e79d4,40fc2e98607e6b6448693cfa448f909b,Liked,50,39,1705569084
e1a084de42e9f2aaa47eb5afc7ce39be,1c001092a3b5105d4be173d3a58f5305,Shared,53,33,1705569222
0da8a6ed49ec9c9c9829956978c70ff0,23070d03a2b374b078414bf73666a4df,Liked,61,3,1705568394
16f88ca54189cd79ecb8cb1c43c36dd4,79d00fee3b1572fc49818ce2f9ac859f,Liked,60,55,1705567645
5107502f985aa0b73854b067bc41f4b3,c2a9bb601fd2f559f67db470202fdd1a,Liked,15,14,1705568561
d79312620e8bf2467f1aca069523c99e,c2a9bb601fd2f559f67db470202fdd1a,Liked,15,9,1705568561
a2288579b87050b04d5e0188a96a54fb,3eefb39a416b942cc89fba599fdb2f5c,Liked,6,5,1705566413
4b6cd851e7edd103e4777fe920ffebe4,93eca6b49eb656f26536572e588be8ff,Shared,15,2,1705567427
84c058a0c64f2dedc931cf9c9cff6c03,40fc2e98607e6b6448693cfa448f909b,Commented,50,12,1705569084
d3118133336540047cc07627c40215fe,c59e9cfffc0cba73c9673131ac270009,Shared,7,1,1705569576
27b0eb67497e35b7cfa94d21f04dac6a,cea477054ab26d3e85468347d2b339da,Liked,54,48,1705566965
a2288579b87050b04d5e0188a96a54fb,c5a8744185a281978d31c1575232614c,Shared,15,13,1705567341
21131740dc09d6a532fd9d23288e79d4,c09e8de2336177e58550a133004dedbc,Shared,60,3,1705569369
263a4644ea5b873ba35b14c502c7010b,e89ef1a169442cd3fd97768f8b7eca85,Shared,46,31,1705567119
5107502f985aa0b73854b067bc41f4b3,076bb9628c8bd416f481a363d10b84a0,Shared,34,13,1705566679
f468121171bac06d7500fc1f937c4b11,c59e9cfffc0cba73c9673131ac270009,Shared,7,5,1705569576
af9684fd5ed1d0efaf6074aafd159881,3eefb39a416b942cc89fba599fdb2f5c,Liked,6,4,1705566413
de9f506fd891d7d98b0e93bcb99d464f,e89ef1a169442cd3fd97768f8b7eca85,NA,46,9,1705567119
16f88ca54189cd79ecb8cb1c43c36dd4,3eefb39a416b942cc89fba599fdb2f5c,Liked,6,2,1705566413
07907c62615bb3154efd910e84b5c279,086b999c965e7d784a7cc7dee3187406,Shared,60,16,1705567729
245f9e670de492e964f2f71e4201b345,41043c99690411d492b458f7c58de15e,Shared,8,2,1705567285
4001bdccd34e8fdfd564bd1078d994ca,6e0e010dee526f9d7aab46b2e4682a9f,Liked,49,34,1705566217
d79312620e8bf2467f1aca069523c99e,c5a8744185a281978d31c1575232614c,NA,15,3,1705567341
27b0eb67497e35b7cfa94d21f04dac6a,b6151a57fd74de9ee3bd0ca09bb82b45,Liked,15,12,1705568935
07907c62615bb3154efd910e84b5c279,b8b3ce3b74093f68faa156731b941a10,Liked,51,38,1705566334
21131740dc09d6a532fd9d23288e79d4,c09e8de2336177e58550a133004dedbc,Commented,60,48,1705569369
07907c62615bb3154efd910e84b5c279,0dde45f98279700aa649783b45c391c0,Liked,16,16,1705569011
4001bdccd34e8fdfd564bd1078d994ca,58d5743b213dcef8a3d931217ac1c687,Liked,17,15,1705568745
263a4644ea5b873ba35b14c502c7010b,60d966598e7adf8879a741ab986386bb,Shared,9,9,1705567811
f468121171bac06d7500fc1f937c4b11,26cbcb970c9963d063f7d587fe7ff5a9,Liked,34,23,1705566550
3adcf32f5562d8568d613b325044405c,c59e9cfffc0cba73c9673131ac270009,Shared,7,5,1705569576
263a4644ea5b873ba35b14c502c7010b,c5a8744185a281978d31c1575232614c,NA,15,14,1705567341
0da8a6ed49ec9c9c9829956978c70ff0,4b40d87c36793bbf370868135e1a9907,NA,8,3,1705568500
4d9389046a07a79e6f73941cbfe05406,60d966598e7adf8879a741ab986386bb,Commented,9,1,1705567811
3adcf32f5562d8568d613b325044405c,086b999c965e7d784a7cc7dee3187406,Commented,60,7,1705567729
07907c62615bb3154efd910e84b5c279,6e0e010dee526f9d7aab46b2e4682a9f,Liked,49,11,1705566217
07907c62615bb3154efd910e84b5c279,8314b8d54265ee994dfb3a19e52d8b6c,Shared,24,17,1705567477
245f9e670de492e964f2f71e4201b345,1931bf56b1abc1a9f601b8ba5957fb70,Commented,6,1,1705566602
27b0eb67497e35b7cfa94d21f04dac6a,c59e9cfffc0cba73c9673131ac270009,Shared,7,7,1705569576
d79312620e8bf2467f1aca069523c99e,fc51ec638fad4a4f2346b2b8c3fb9a1c,Liked,54,41,1705566734
af9684fd5ed1d0efaf6074aafd159881,c09e8de2336177e58550a133004dedbc,Liked,60,4,1705569369
af9684fd5ed1d0efaf6074aafd159881,b6151a57fd74de9ee3bd0ca09bb82b45,Liked,15,12,1705568935
4b6cd851e7edd103e4777fe920ffebe4,be5a7b7ca77f8e0de9fe5a12479ef45d,Liked,60,30,1705568639
d79312620e8bf2467f1aca069523c99e,40fc2e98607e6b6448693cfa448f909b,Shared,50,25,1705569084
f468121171bac06d7500fc1f937c4b11,b6151a57fd74de9ee3bd0ca09bb82b45,Liked,15,10,1705568935
91b6ce1027172cf5292ebddbe6d26407,0efb5672a1c7e9e0683f31a97eec0bc8,Commented,8,4,1705569161
245f9e670de492e964f2f71e4201b345,df382b18cef70d0c92131e4cf69efd0c,Liked,16,11,1705569298
a2288579b87050b04d5e0188a96a54fb,3eefb39a416b942cc89fba599fdb2f5c,Liked,6,3,1705566413
d79312620e8bf2467f1aca069523c99e,df382b18cef70d0c92131e4cf69efd0c,Liked,16,10,1705569298
a2288579b87050b04d5e0188a96a54fb,60d966598e7adf8879a741ab986386bb,Liked,9,9,1705567811
de9f506fd891d7d98b0e93bcb99d464f,663dfd0f6bb929532c0649e32a73df1a,Commented,46,14,1705567031
3adcf32f5562d8568d613b325044405c,b8b3ce3b74093f68faa156731b941a10,Liked,51,25,1705566334
21131740dc09d6a532fd9d23288e79d4,7cbe8001605e39226a03bd7e715e0f5b,Liked,7,7,1705569473
07907c62615bb3154efd910e84b5c279,0efb5672a1c7e9e0683f31a97eec0bc8,Shared,8,7,1705569161
245f9e670de492e964f2f71e4201b345,7cbe8001605e39226a03bd7e715e0f5b,NA,7,6,1705569473
245f9e670de492e964f2f71e4201b345,9c548e70860e94fcaf54d2758c0ba29a,Commented,16,11,1705566459
16f88ca54189cd79ecb8cb1c43c36dd4,8314b8d54265ee994dfb3a19e52d8b6c,Liked,24,17,1705567477
3adcf32f5562d8568d613b325044405c,9c548e70860e94fcaf54d2758c0ba29a,Liked,16,14,1705566459
07907c62615bb3154efd910e84b5c279,70ca3b97f22088ee6bc4bc22e734ab79,Shared,56,2,1705567555
012cfab8bb38662681f4fa3537106df6,b8b3ce3b74093f68faa156731b941a10,NA,51,14,1705566334
d3118133336540047cc07627c40215fe,17f6ecc4d6505aa071d1e310e8c195e7,Liked,61,40,1705568299
4001bdccd34e8fdfd564bd1078d994ca,60d966598e7adf8879a741ab986386bb,Shared,9,3,1705567811
4b6cd851e7edd103e4777fe920ffebe4,e89ef1a169442cd3fd97768f8b7eca85,Commented,46,3,1705567119
22e7ff9d170ec82d8209abe6379a7d80,be5a7b7ca77f8e0de9fe5a12479ef45d,Shared,60,10,1705568639
84c058a0c64f2dedc931cf9c9cff6c03,b8b3ce3b74093f68faa156731b941a10,Liked,51,11,1705566334
0da8a6ed49ec9c9c9829956978c70ff0,3eefb39a416b942cc89fba599fdb2f5c,Commented,6,2,1705566413
6815c1020771effac81e5295cf9c0553,1c001092a3b5105d4be173d3a58f5305,Liked,53,38,1705569222
e1a084de42e9f2aaa47eb5afc7ce39be,1c001092a3b5105d4be173d3a58f5305,Liked,53,22,1705569222
6815c1020771effac81e5295cf9c0553,b6151a57fd74de9ee3bd0ca09bb82b45,NA,15,9,1705568935
e1a084de42e9f2aaa47eb5afc7ce39be,60d966598e7adf8879a741ab986386bb,Shared,9,6,1705567811
af9684fd5ed1d0efaf6074aafd159881,c09e8de2336177e58550a133004dedbc,Liked,60,14,1705569369
6815c1020771effac81e5295cf9c0553,086b999c965e7d784a7cc7dee3187406,Liked,60,29,1705567729
21131740dc09d6a532fd9d23288e79d4,be5a7b7ca77f8e0de9fe5a12479ef45d,Liked,60,42,1705568639
245f9e670de492e964f2f71e4201b345,7cbe8001605e39226a03bd7e715e0f5b,Liked,7,4,1705569473
d79312620e8bf2467f1aca069523c99e,b6151a57fd74de9ee3bd0ca09bb82b45,Shared,15,2,1705568935
d79312620e8bf2467f1aca069523c99e,0dde45f98279700aa649783b45c391c0,Shared,16,13,1705569011
e1a084de42e9f2aaa47eb5afc7ce39be,c09e8de2336177e58550a133004dedbc,Liked,60,44,1705569369
d79312620e8bf2467f1aca069523c99e,c09e8de2336177e58550a133004dedbc,Shared,60,48,1705569369
3adcf32f5562d8568d613b325044405c,3f44d737119484cb06dc8074cfd6ba99,Liked,57,55,1705568823
d3118133336540047cc07627c40215fe,c5a8744185a281978d31c1575232614c,Liked,15,9,1705567341
16f88ca54189cd79ecb8cb1c43c36dd4,c59e9cfffc0cba73c9673131ac270009,NA,7,6,1705569576
16f88ca54189cd79ecb8cb1c43c36dd4,086b999c965e7d784a7cc7dee3187406,Shared,60,57,1705567729
f468121171bac06d7500fc1f937c4b11,086b999c965e7d784a7cc7dee3187406,Liked,60,31,1705567729
0da8a6ed49ec9c9c9829956978c70ff0,c59e9cfffc0cba73c9673131ac270009,Liked,7,1,1705569576
3adcf32f5562d8568d613b325044405c,086b999c965e7d784a7cc7dee3187406,Shared,60,50,1705567729
4b6cd851e7edd103e4777fe920ffebe4,3eefb39a416b942cc89fba599fdb2f5c,Shared,6,2,1705566413
07907c62615bb3154efd910e84b5c279,c09e8de2336177e58550a133004dedbc,Liked,60,56,1705569369
22e7ff9d170ec82d8209abe6379a7d80,cea477054ab26d3e85468347d2b339da,Liked,54,48,1705566965
a2288579b87050b04d5e0188a96a54fb,c59e9cfffc0cba73c9673131ac270009,Shared,7,1,1705569576
0da8a6ed49ec9c9c9829956978c70ff0,26cbcb970c9963d063f7d587fe7ff5a9,Liked,34,3,1705566550
263a4644ea5b873ba35b14c502c7010b,79d00fee3b1572fc49818ce2f9ac859f,Liked,60,37,1705567645
5107502f985aa0b73854b067bc41f4b3,086b999c965e7d784a7cc7dee3187406,Shared,60,49,1705567729
d3118133336540047cc07627c40215fe,60d966598e7adf8879a741ab986386bb,Shared,9,5,1705567811
d79312620e8bf2467f1aca069523c99e,3eefb39a416b942cc89fba599fdb2f5c,NA,6,3,1705566413
53ffd4c31493227741ddc006ddb26510,26568621ecebca2a253a7010f528abf5,Shared,10,7,1705567213
4b6cd851e7edd103e4777fe920ffebe4,fc51ec638fad4a4f2346b2b8c3fb9a1c,Liked,54,15,1705566734
91b6ce1027172cf5292ebddbe6d26407,23070d03a2b374b078414bf73666a4df,Liked,61,35,1705568394
263a4644ea5b873ba35b14c502c7010b,be5a7b7ca77f8e0de9fe5a12479ef45d,NA,60,45,1705568639
53ffd4c31493227741ddc006ddb26510,9c548e70860e94fcaf54d2758c0ba29a,Liked,16,6,1705566459
4b6cd851e7edd103e4777fe920ffebe4,26cbcb970c9963d063f7d587fe7ff5a9,Commented,34,1,1705566550
af9684fd5ed1d0efaf6074aafd159881,3eefb39a416b942cc89fba599fdb2f5c,NA,6,4,1705566413
21131740dc09d6a532fd9d23288e79d4,076bb9628c8bd416f481a363d10b84a0,Liked,34,21,1705566679
91b6ce1027172cf5292ebddbe6d26407,c5a8744185a281978d31c1575232614c,Shared,15,6,1705567341
4001bdccd34e8fdfd564bd1078d994ca,df382b18cef70d0c92131e4cf69efd0c,Liked,16,15,1705569298
f468121171bac06d7500fc1f937c4b11,60d966598e7adf8879a741ab986386bb,Liked,9,8,1705567811
4001bdccd34e8fdfd564bd1078d994ca,b8b3ce3b74093f68faa156731b941a10,Liked,51,42,1705566334
27b0eb67497e35b7cfa94d21f04dac6a,c5a8744185a281978d31c1575232614c,Liked,15,7,1705567341
0da8a6ed49ec9c9c9829956978c70ff0,8314b8d54265ee994dfb3a19e52d8b6c,Shared,24,17,1705567477
a2288579b87050b04d5e0188a96a54fb,17f6ecc4d6505aa071d1e310e8c195e7,Shared,61,44,1705568299
22e7ff9d170ec82d8209abe6379a7d80,086b999c965e7d784a7cc7dee3187406,Shared,60,37,1705567729
4d9389046a07a79e6f73941cbfe05406,41043c99690411d492b458f7c58de15e,Liked,8,1,1705567285
21131740dc09d6a532fd9d23288e79d4,076bb9628c8bd416f481a363d10b84a0,Liked,34,24,1705566679
3adcf32f5562d8568d613b325044405c,17f6ecc4d6505aa071d1e310e8c195e7,Shared,61,2,1705568299
6815c1020771effac81e5295cf9c0553,17f6ecc4d6505aa071d1e310e8c195e7,Liked,61,61,1705568299
d79312620e8bf2467f1aca069523c99e,17f6ecc4d6505aa071d1e310e8c195e7,Shared,61,46,1705568299
91b6ce1027172cf5292ebddbe6d26407,58d5743b213dcef8a3d931217ac1c687,Shared,17,5,1705568745
07907c62615bb3154efd910e84b5c279,40fc2e98607e6b6448693cfa448f909b,Commented,50,9,1705569084
af9684fd5ed1d0efaf6074aafd159881,df382b18cef70d0c92131e4cf69efd0c,Liked,16,4,1705569298
0da8a6ed49ec9c9c9829956978c70ff0,7cbe8001605e39226a03bd7e715e0f5b,Liked,7,1,1705569473
22e7ff9d170ec82d8209abe6379a7d80,1c001092a3b5105d4be173d3a58f5305,Liked,53,32,1705569222
de9f506fd891d7d98b0e93bcb99d464f,c09e8de2336177e58550a133004dedbc,Shared,60,10,1705569369
af9684fd5ed1d0efaf6074aafd159881,cea477054ab26d3e85468347d2b339da,Commented,54,50,1705566965
3adcf32f5562d8568d613b325044405c,c09e8de2336177e58550a133004dedbc,Liked,60,48,1705569369
4001bdccd34e8fdfd564bd1078d994ca,79d00fee3b1572fc49818ce2f9ac859f,Commented,60,59,1705567645
4001bdccd34e8fdfd564bd1078d994ca,26cbcb970c9963d063f7d587fe7ff5a9,Liked,34,19,1705566550
07907c62615bb3154efd910e84b5c279,c09e8de2336177e58550a133004dedbc,Liked,60,56,1705569369
e1a084de42e9f2aaa47eb5afc7ce39be,60d966598e7adf8879a741ab986386bb,Liked,9,6,1705567811
d79312620e8bf2467f1aca069523c99e,4b40d87c36793bbf370868135e1a9907,NA,8,2,1705568500
d79312620e8bf2467f1aca069523c99e,70ca3b97f22088ee6bc4bc22e734ab79,Liked,56,41,1705567555
d79312620e8bf2467f1aca069523c99e,086b999c965e7d784a7cc7dee3187406,Shared,60,51,1705567729
012cfab8bb38662681f4fa3537106df6,e89ef1a169442cd3fd97768f8b7eca85,Liked,46,6,1705567119
af9684fd5ed1d0efaf6074aafd159881,3eefb39a416b942cc89fba599fdb2f5c,Liked,6,1,1705566413
263a4644ea5b873ba35b14c502c7010b,93eca6b49eb656f26536572e588be8ff,Shared,15,5,1705567427
4001bdccd34e8fdfd564bd1078d994ca,db85c0fbb319209616e48467f5add57a,Shared,7,3,1705569523
53ffd4c31493227741ddc006ddb26510,df382b18cef70d0c92131e4cf69efd0c,Liked,16,7,1705569298
5107502f985aa0b73854b067bc41f4b3,3eefb39a416b942cc89fba599fdb2f5c,Liked,6,1,1705566413
263a4644ea5b873ba35b14c502c7010b,e89ef1a169442cd3fd97768f8b7eca85,Liked,46,31,1705567119
af9684fd5ed1d0efaf6074aafd159881,23070d03a2b374b078414bf73666a4df,Commented,61,12,1705568394
5107502f985aa0b73854b067bc41f4b3,be5a7b7ca77f8e0de9fe5a12479ef45d,Liked,60,8,1705568639
5107502f985aa0b73854b067bc41f4b3,26cbcb970c9963d063f7d587fe7ff5a9,NA,34,11,1705566550
84c058a0c64f2dedc931cf9c9cff6c03,8314b8d54265ee994dfb3a19e52d8b6c,Liked,24,23,1705567477
de9f506fd891d7d98b0e93bcb99d464f,70ca3b97f22088ee6bc4bc22e734ab79,Liked,56,24,1705567555
3adcf32f5562d8568d613b325044405c,cea477054ab26d3e85468347d2b339da,Liked,54,45,1705566965
263a4644ea5b873ba35b14c502c7010b,076bb9628c8bd416f481a363d10b84a0,Liked,34,33,1705566679
4001bdccd34e8fdfd564bd1078d994ca,41043c99690411d492b458f7c58de15e,Liked,8,7,1705567285
f468121171bac06d7500fc1f937c4b11,e89ef1a169442cd3fd97768f8b7eca85,Liked,46,43,1705567119
f468121171bac06d7500fc1f937c4b11,70ca3b97f22088ee6bc4bc22e734ab79,Commented,56,52,1705567555
07907c62615bb3154efd910e84b5c279,70ca3b97f22088ee6bc4bc22e734ab79,Commented,56,2,1705567555
91b6ce1027172cf5292ebddbe6d26407,c5a8744185a281978d31c1575232614c,NA,15,6,1705567341
a2288579b87050b04d5e0188a96a54fb,60d966598e7adf8879a741ab986386bb,Shared,9,5,1705567811
53ffd4c31493227741ddc006ddb26510,c2a9bb601fd2f559f67db470202fdd1a,Liked,15,12,1705568561
53ffd4c31493227741ddc006ddb26510,3f44d737119484cb06dc8074cfd6ba99,Shared,57,42,1705568823
91b6ce1027172cf5292ebddbe6d26407,c2a9bb601fd2f559f67db470202fdd1a,Liked,15,11,1705568561
4001bdccd34e8fdfd564bd1078d994ca,1931bf56b1abc1a9f601b8ba5957fb70,Liked,6,1,1705566602
263a4644ea5b873ba35b14c502c7010b,40fc2e98607e6b6448693cfa448f909b,Liked,50,17,1705569084
07907c62615bb3154efd910e84b5c279,c5a8744185a281978d31c1575232614c,Shared,15,3,1705567341
27b0eb67497e35b7cfa94d21f04dac6a,b6151a57fd74de9ee3bd0ca09bb82b45,Liked,15,11,1705568935
16f88ca54189cd79ecb8cb1c43c36dd4,be5a7b7ca77f8e0de9fe5a12479ef45d,Shared,60,11,1705568639
91b6ce1027172cf5292ebddbe6d26407,df382b18cef70d0c92131e4cf69efd0c,Shared,16,15,1705569298
de9f506fd891d7d98b0e93bcb99d464f,db85c0fbb319209616e48467f5add57a,Commented,7,1,1705569523
53ffd4c31493227741ddc006ddb26510,23070d03a2b374b078414bf73666a4df,Liked,61,35,1705568394
263a4644ea5b873ba35b14c502c7010b,58d5743b213dcef8a3d931217ac1c687,Commented,17,3,1705568745
de9f506fd891d7d98b0e93bcb99d464f,26cbcb970c9963d063f7d587fe7ff5a9,Liked,34,23,1705566550
91b6ce1027172cf5292ebddbe6d26407,4b40d87c36793bbf370868135e1a9907,Liked,8,6,1705568500
de9f506fd891d7d98b0e93bcb99d464f,c59e9cfffc0cba73c9673131ac270009,Liked,7,1,1705569576
d3118133336540047cc07627c40215fe,b8b3ce3b74093f68faa156731b941a10,Shared,51,5,1705566334
d79312620e8bf2467f1aca069523c99e,17f6ecc4d6505aa071d1e310e8c195e7,Liked,61,60,1705568299
263a4644ea5b873ba35b14c502c7010b,9c548e70860e94fcaf54d2758c0ba29a,Shared,16,7,1705566459
27b0eb67497e35b7cfa94d21f04dac6a,4b40d87c36793bbf370868135e1a9907,Liked,8,1,1705568500
245f9e670de492e964f2f71e4201b345,b8b3ce3b74093f68faa156731b941a10,NA,51,10,1705566334
53ffd4c31493227741ddc006ddb26510,3eefb39a416b942cc89fba599fdb2f5c,Liked,6,1,1705566413
4b6cd851e7edd103e4777fe920ffebe4,0dde45f98279700aa649783b45c391c0,Liked,16,3,1705569011
d79312620e8bf2467f1aca069523c99e,b8b3ce3b74093f68faa156731b941a10,Shared,51,39,1705566334
22e7ff9d170ec82d8209abe6379a7d80,26568621ecebca2a253a7010f528abf5,Liked,10,8,1705567213
4b6cd851e7edd103e4777fe920ffebe4,3eefb39a416b942cc89fba599fdb2f5c,Shared,6,1,1705566413
4001bdccd34e8fdfd564bd1078d994ca,cea477054ab26d3e85468347d2b339da,Liked,54,34,1705566965
91b6ce1027172cf5292ebddbe6d26407,58d5743b213dcef8a3d931217ac1c687,Liked,17,6,1705568745
0da8a6ed49ec9c9c9829956978c70ff0,0dde45f98279700aa649783b45c391c0,Liked,16,3,1705569011
16f88ca54189cd79ecb8cb1c43c36dd4,40fc2e98607e6b6448693cfa448f909b,Shared,50,31,1705569084
6815c1020771effac81e5295cf9c0553,be5a7b7ca77f8e0de9fe5a12479ef45d,Shared,60,12,1705568639
e1a084de42e9f2aaa47eb5afc7ce39be,3f44d737119484cb06dc8074cfd6ba99,Shared,57,39,1705568823
4d9389046a07a79e6f73941cbfe05406,c2a9bb601fd2f559f67db470202fdd1a,Shared,15,4,1705568561
e1a084de42e9f2aaa47eb5afc7ce39be,663dfd0f6bb929532c0649e32a73df1a,Shared,46,22,1705567031
4b6cd851e7edd103e4777fe920ffebe4,7cbe8001605e39226a03bd7e715e0f5b,Shared,7,6,1705569473
53ffd4c31493227741ddc006ddb26510,fc51ec638fad4a4f2346b2b8c3fb9a1c,Liked,54,41,1705566734
0da8a6ed49ec9c9c9829956978c70ff0,c5a8744185a281978d31c1575232614c,Commented,15,12,1705567341
f468121171bac06d7500fc1f937c4b11,26cbcb970c9963d063f7d587fe7ff5a9,Liked,34,24,1705566550
e1a084de42e9f2aaa47eb5afc7ce39be,cea477054ab26d3e85468347d2b339da,Shared,54,12,1705566965
263a4644ea5b873ba35b14c502c7010b,7cbe8001605e39226a03bd7e715e0f5b,NA,7,4,1705569473
012cfab8bb38662681f4fa3537106df6,b6151a57fd74de9ee3bd0ca09bb82b45,Liked,15,5,1705568935
de9f506fd891d7d98b0e93bcb99d464f,fc51ec638fad4a4f2346b2b8c3fb9a1c,Commented,54,26,1705566734
4001bdccd34e8fdfd564bd1078d994ca,086b999c965e7d784a7cc7dee3187406,Commented,60,3,1705567729
84c058a0c64f2dedc931cf9c9cff6c03,58d5743b213dcef8a3d931217ac1c687,Liked,17,9,1705568745
de9f506fd891d7d98b0e93bcb99d464f,076bb9628c8bd416f481a363d10b84a0,NA,34,17,1705566679
a2288579b87050b04d5e0188a96a54fb,40fc2e98607e6b6448693cfa448f909b,Shared,50,44,1705569084
27b0eb67497e35b7cfa94d21f04dac6a,be5a7b7ca77f8e0de9fe5a12479ef45d,Shared,60,25,1705568639
3adcf32f5562d8568d613b325044405c,0dde45f98279700aa649783b45c391c0,Liked,16,10,1705569011
21131740dc09d6a532fd9d23288e79d4,70ca3b97f22088ee6bc4bc22e734ab79,NA,56,28,1705567555
af9684fd5ed1d0efaf6074aafd159881,1931bf56b1abc1a9f601b8ba5957fb70,Shared,6,3,1705566602
4d9389046a07a79e6f73941cbfe05406,b8b3ce3b74093f68faa156731b941a10,Liked,51,40,1705566334
5107502f985aa0b73854b067bc41f4b3,3eefb39a416b942cc89fba599fdb2f5c,Commented,6,5,1705566413
16f88ca54189cd79ecb8cb1c43c36dd4,9c548e70860e94fcaf54d2758c0ba29a,Liked,16,12,1705566459
53ffd4c31493227741ddc006ddb26510,086b999c965e7d784a7cc7dee3187406,Shared,60,18,1705567729
e1a084de42e9f2aaa47eb5afc7ce39be,26cbcb970c9963d063f7d587fe7ff5a9,NA,34,23,1705566550
4b6cd851e7edd103e4777fe920ffebe4,3f44d737119484cb06dc8074cfd6ba99,Liked,57,20,1705568823
16f88ca54189cd79ecb8cb1c43c36dd4,0efb5672a1c7e9e0683f31a97eec0bc8,Liked,8,3,1705569161
84c058a0c64f2dedc931cf9c9cff6c03,26cbcb970c9963d063f7d587fe7ff5a9,Liked,34,5,1705566550
22e7ff9d170ec82d8209abe6379a7d80,c09e8de2336177e58550a133004dedbc,Liked,60,15,1705569369
0da8a6ed49ec9c9c9829956978c70ff0,9c548e70860e94fcaf54d2758c0ba29a,Liked,16,7,1705566459
16f88ca54189cd79ecb8cb1c43c36dd4,086b999c965e7d784a7cc7dee3187406,Shared,60,51,1705567729
a2288579b87050b04d5e0188a96a54fb,b8b3ce3b74093f68faa156731b941a10,Liked,51,31,1705566334
a2288579b87050b04d5e0188a96a54fb,e89ef1a169442cd3fd97768f8b7eca85,Liked,46,12,1705567119
84c058a0c64f2dedc931cf9c9cff6c03,c5a8744185a281978d31c1575232614c,Shared,15,6,1705567341
3adcf32f5562d8568d613b325044405c,93eca6b49eb656f26536572e588be8ff,Liked,15,3,1705567427
91b6ce1027172cf5292ebddbe6d26407,086b999c965e7d784a7cc7dee3187406,NA,60,12,1705567729
07907c62615bb3154efd910e84b5c279,1931bf56b1abc1a9f601b8ba5957fb70,Shared,6,5,1705566602
4b6cd851e7edd103e4777fe920ffebe4,1931bf56b1abc1a9f601b8ba5957fb70,Commented,6,4,1705566602
3adcf32f5562d8568d613b325044405c,7cbe8001605e39226a03bd7e715e0f5b,Shared,7,2,1705569473
4b6cd851e7edd103e4777fe920ffebe4,17f6ecc4d6505aa071d1e310e8c195e7,Liked,61,41,1705568299
de9f506fd891d7d98b0e93bcb99d464f,60d966598e7adf8879a741ab986386bb,Shared,9,9,1705567811
a2288579b87050b04d5e0188a96a54fb,be5a7b7ca77f8e0de9fe5a12479ef45d,Commented,60,39,1705568639
de9f506fd891d7d98b0e93bcb99d464f,b6151a57fd74de9ee3bd0ca09bb82b45,Shared,15,14,1705568935
07907c62615bb3154efd910e84b5c279,c09e8de2336177e58550a133004dedbc,Liked,60,31,1705569369
84c058a0c64f2dedc931cf9c9cff6c03,cea477054ab26d3e85468347d2b339da,Commented,54,32,1705566965
d3118133336540047cc07627c40215fe,23070d03a2b374b078414bf73666a4df,Liked,61,48,1705568394
3adcf32f5562d8568d613b325044405c,26cbcb970c9963d063f7d587fe7ff5a9,Liked,34,26,1705566550
3adcf32f5562d8568d613b325044405c,70ca3b97f22088ee6bc4bc22e734ab79,Liked,56,36,1705567555
4001bdccd34e8fdfd564bd1078d994ca,1c001092a3b5105d4be173d3a58f5305,NA,53,44,1705569222
84c058a0c64f2dedc931cf9c9cff6c03,4b40d87c36793bbf370868135e1a9907,NA,8,3,1705568500
07907c62615bb3154efd910e84b5c279,41043c99690411d492b458f7c58de15e,Shared,8,4,1705567285
91b6ce1027172cf5292ebddbe6d26407,26cbcb970c9963d063f7d587fe7ff5a9,Shared,34,27,1705566550
e1a084de42e9f2aaa47eb5afc7ce39be,c59e9cfffc0cba73c9673131ac270009,Liked,7,1,1705569576
16f88ca54189cd79ecb8cb1c43c36dd4,c59e9cfffc0cba73c9673131ac270009,Liked,7,6,1705569576
07907c62615bb3154efd910e84b5c279,1c001092a3b5105d4be173d3a58f5305,Liked,53,48,1705569222
263a4644ea5b873ba35b14c502c7010b,1c001092a3b5105d4be173d3a58f5305,Commented,53,21,1705569222
d79312620e8bf2467f1aca069523c99e,79d00fee3b1572fc49818ce2f9ac859f,Liked,60,37,1705567645
21131740dc09d6a532fd9d23288e79d4,3eefb39a416b942cc89fba599fdb2f5c,NA,6,6,1705566413
af9684fd5ed1d0efaf6074aafd159881,c59e9cfffc0cba73c9673131ac270009,Liked,7,1,1705569576
4b6cd851e7edd103e4777fe920ffebe4,663dfd0f6bb929532c0649e32a73df1a,Shared,46,27,1705567031
012cfab8bb38662681f4fa3537106df6,6e0e010dee526f9d7aab46b2e4682a9f,Liked,49,8,1705566217
f468121171bac06d7500fc1f937c4b11,8314b8d54265ee994dfb3a19e52d8b6c,Commented,24,20,1705567477
27b0eb67497e35b7cfa94d21f04dac6a,0dde45f98279700aa649783b45c391c0,Liked,16,2,1705569011
263a4644ea5b873ba35b14c502c7010b,6e0e010dee526f9d7aab46b2e4682a9f,Shared,49,1,1705566217
22e7ff9d170ec82d8209abe6379a7d80,23070d03a2b374b078414bf73666a4df,Liked,61,51,1705568394
d3118133336540047cc07627c40215fe,60d966598e7adf8879a741ab986386bb,Liked,9,3,1705567811
f468121171bac06d7500fc1f937c4b11,23070d03a2b374b078414bf73666a4df,Shared,61,10,1705568394
0da8a6ed49ec9c9c9829956978c70ff0,4b40d87c36793bbf370868135e1a9907,Liked,8,4,1705568500
16f88ca54189cd79ecb8cb1c43c36dd4,4b40d87c36793bbf370868135e1a9907,Shared,8,6,1705568500
3adcf32f5562d8568d613b325044405c,db85c0fbb319209616e48467f5add57a,Liked,7,7,1705569523
4d9389046a07a79e6f73941cbfe05406,df382b18cef70d0c92131e4cf69efd0c,Liked,16,11,1705569298
16f88ca54189cd79ecb8cb1c43c36dd4,0efb5672a1c7e9e0683f31a97eec0bc8,Shared,8,2,1705569161
de9f506fd891d7d98b0e93bcb99d464f,be5a7b7ca77f8e0de9fe5a12479ef45d,NA,60,59,1705568639
de9f506fd891d7d98b0e93bcb99d464f,41043c99690411d492b458f7c58de15e,Liked,8,5,1705567285
4001bdccd34e8fdfd564bd1078d994ca,b6151a57fd74de9ee3bd0ca09bb82b45,Liked,15,5,1705568935
245f9e670de492e964f2f71e4201b345,26cbcb970c9963d063f7d587fe7ff5a9,NA,34,10,1705566550
16f88ca54189cd79ecb8cb1c43c36dd4,b8b3ce3b74093f68faa156731b941a10,NA,51,18,1705566334
f468121171bac06d7500fc1f937c4b11,17f6ecc4d6505aa071d1e310e8c195e7,Shared,61,34,1705568299
012cfab8bb38662681f4fa3537106df6,c2a9bb601fd2f559f67db470202fdd1a,Liked,15,7,1705568561
0da8a6ed49ec9c9c9829956978c70ff0,c59e9cfffc0cba73c9673131ac270009,Shared,7,7,1705569576
4d9389046a07a79e6f73941cbfe05406,663dfd0f6bb929532c0649e32a73df1a,Shared,46,45,1705567031
27b0eb67497e35b7cfa94d21f04dac6a,b6151a57fd74de9ee3bd0ca09bb82b45,Liked,15,5,1705568935
012cfab8bb38662681f4fa3537106df6,e89ef1a169442cd3fd97768f8b7eca85,Commented,46,36,1705567119
91b6ce1027172cf5292ebddbe6d26407,c5a8744185a281978d31c1575232614c,Shared,15,2,1705567341
d3118133336540047cc07627c40215fe,fc51ec638fad4a4f2346b2b8c3fb9a1c,Liked,54,36,1705566734
6815c1020771effac81e5295cf9c0553,c09e8de2336177e58550a133004dedbc,Shared,60,13,1705569369
a2288579b87050b04d5e0188a96a54fb,086b999c965e7d784a7cc7dee3187406,Shared,60,13,1705567729
6815c1020771effac81e5295cf9c0553,58d5743b213dcef8a3d931217ac1c687,Liked,17,17,1705568745
6815c1020771effac81e5295cf9c0553,cea477054ab26d3e85468347d2b339da,Commented,54,5,1705566965
de9f506fd891d7d98b0e93bcb99d464f,3eefb39a416b942cc89fba599fdb2f5c,Liked,6,5,1705566413
af9684fd5ed1d0efaf6074aafd159881,0efb5672a1c7e9e0683f31a97eec0bc8,Commented,8,3,1705569161
f468121171bac06d7500fc1f937c4b11,26cbcb970c9963d063f7d587fe7ff5a9,Shared,34,19,1705566550
d3118133336540047cc07627c40215fe,23070d03a2b374b078414bf73666a4df,Liked,61,14,1705568394
91b6ce1027172cf5292ebddbe6d26407,58d5743b213dcef8a3d931217ac1c687,Commented,17,13,1705568745
4b6cd851e7edd103e4777fe920ffebe4,3eefb39a416b942cc89fba599fdb2f5c,Liked,6,2,1705566413
27b0eb67497e35b7cfa94d21f04dac6a,17f6ecc4d6505aa071d1e310e8c195e7,Shared,61,9,1705568299
0da8a6ed49ec9c9c9829956978c70ff0,086b999c965e7d784a7cc7dee3187406,Shared,60,19,1705567729
07907c62615bb3154efd910e84b5c279,c5a8744185a281978d31c1575232614c,NA,15,11,1705567341
245f9e670de492e964f2f71e4201b345,9c548e70860e94fcaf54d2758c0ba29a,NA,16,7,1705566459
53ffd4c31493227741ddc006ddb26510,26568621ecebca2a253a7010f528abf5,Commented,10,7,1705567213
4d9389046a07a79e6f73941cbfe05406,b6151a57fd74de9ee3bd0ca09bb82b45,Commented,15,6,1705568935
a2288579b87050b04d5e0188a96a54fb,41043c99690411d492b458f7c58de15e,Shared,8,2,1705567285
d79312620e8bf2467f1aca069523c99e,e89ef1a169442cd3fd97768f8b7eca85,Shared,46,42,1705567119
3adcf32f5562d8568d613b325044405c,7cbe8001605e39226a03bd7e715e0f5b,Liked,7,4,1705569473
07907c62615bb3154efd910e84b5c279,23070d03a2b374b078414bf73666a4df,Shared,61,45,1705568394
91b6ce1027172cf5292ebddbe6d26407,663dfd0f6bb929532c0649e32a73df1a,Commented,46,25,1705567031
84c058a0c64f2dedc931cf9c9cff6c03,b8b3ce3b74093f68faa156731b941a10,Commented,51,12,1705566334
84c058a0c64f2dedc931cf9c9cff6c03,1c001092a3b5105d4be173d3a58f5305,Liked,53,33,1705569222
91b6ce1027172cf5292ebddbe6d26407,076bb9628c8bd416f481a363d10b84a0,NA,34,18,1705566679
de9f506fd891d7d98b0e93bcb99d464f,23070d03a2b374b078414bf73666a4df,Liked,61,45,1705568394
d79312620e8bf2467f1aca069523c99e,086b999c965e7d784a7cc7dee3187406,Shared,60,27,1705567729
07907c62615bb3154efd910e84b5c279,58d5743b213dcef8a3d931217ac1c687,Liked,17,12,1705568745
e1a084de42e9f2aaa47eb5afc7ce39be,17f6ecc4d6505aa071d1e310e8c195e7,Liked,61,5,1705568299
d79312620e8bf2467f1aca069523c99e,be5a7b7ca77f8e0de9fe5a12479ef45d,Shared,60,20,1705568639
e1a084de42e9f2aaa47eb5afc7ce39be,0dde45f98279700aa649783b45c391c0,Shared,16,4,1705569011
263a4644ea5b873ba35b14c502c7010b,b6151a57fd74de9ee3bd0ca09bb82b45,Shared,15,11,1705568935
22e7ff9d170ec82d8209abe6379a7d80,60d966598e7adf8879a741ab986386bb,Liked,9,1,1705567811
84c058a0c64f2dedc931cf9c9cff6c03,c59e9cfffc0cba73c9673131ac270009,Liked,7,1,1705569576
5107502f985aa0b73854b067bc41f4b3,93eca6b49eb656f26536572e588be8ff,NA,15,11,1705567427
6815c1020771effac81e5295cf9c0553,0efb5672a1c7e9e0683f31a97eec0bc8,Shared,8,2,1705569161
245f9e670de492e964f2f71e4201b345,df382b18cef70d0c92131e4cf69efd0c,Liked,16,10,1705569298
21131740dc09d6a532fd9d23288e79d4,1931bf56b1abc1a9f601b8ba5957fb70,Liked,6,3,1705566602
f468121171bac06d7500fc1f937c4b11,93eca6b49eb656f26536572e588be8ff,Liked,15,12,1705567427
07907c62615bb3154efd910e84b5c279,41043c99690411d492b458f7c58de15e,Liked,8,1,1705567285
6815c1020771effac81e5295cf9c0553,3f44d737119484cb06dc8074cfd6ba99,Liked,57,12,1705568823
245f9e670de492e964f2f71e4201b345,4b40d87c36793bbf370868135e1a9907,Liked,8,7,1705568500
84c058a0c64f2dedc931cf9c9cff6c03,b6151a57fd74de9ee3bd0ca09bb82b45,Liked,15,9,1705568935
91b6ce1027172cf5292ebddbe6d26407,df382b18cef70d0c92131e4cf69efd0c,Shared,16,1,1705569298
07907c62615bb3154efd910e84b5c279,db85c0fbb319209616e48467f5add57a,Liked,7,2,1705569523
245f9e670de492e964f2f71e4201b345,0efb5672a1c7e9e0683f31a97eec0bc8,Commented,8,7,1705569161
af9684fd5ed1d0efaf6074aafd159881,b8b3ce3b74093f68faa156731b941a10,Liked,51,25,1705566334
84c058a0c64f2dedc931cf9c9cff6c03,8314b8d54265ee994dfb3a19e52d8b6c,NA,24,18,1705567477
d3118133336540047cc07627c40215fe,086b999c965e7d784a7cc7dee3187406,Shared,60,55,1705567729
af9684fd5ed1d0efaf6074aafd159881,0dde45f98279700aa649783b45c391c0,NA,16,14,1705569011
91b6ce1027172cf5292ebddbe6d26407,cea477054ab26d3e85468347d2b339da,Liked,54,49,1705566965
4001bdccd34e8fdfd564bd1078d994ca,e89ef1a169442cd3fd97768f8b7eca85,Shared,46,5,1705567119
21131740dc09d6a532fd9d23288e79d4,93eca6b49eb656f26536572e588be8ff,Liked,15,11,1705567427
d3118133336540047cc07627c40215fe,23070d03a2b374b078414bf73666a4df,Shared,61,3,1705568394
4001bdccd34e8fdfd564bd1078d994ca,fc51ec638fad4a4f2346b2b8c3fb9a1c,Shared,54,18,1705566734
07907c62615bb3154efd910e84b5c279,e89ef1a169442cd3fd97768f8b7eca85,Commented,46,30,1705567119
245f9e670de492e964f2f71e4201b345,26cbcb970c9963d063f7d587fe7ff5a9,Liked,34,1,1705566550
af9684fd5ed1d0efaf6074aafd159881,b8b3ce3b74093f68faa156731b941a10,Liked,51,45,1705566334
245f9e670de492e964f2f71e4201b345,3eefb39a416b942cc89fba599fdb2f5c,NA,6,5,1705566413
6815c1020771effac81e5295cf9c0553,df382b18cef70d0c92131e4cf69efd0c,Shared,16,3,1705569298
245f9e670de492e964f2f71e4201b345,41043c99690411d492b458f7c58de15e,Liked,8,1,1705567285
27b0eb67497e35b7cfa94d21f04dac6a,6e0e010dee526f9d7aab46b2e4682a9f,Commented,49,36,1705566217
a2288579b87050b04d5e0188a96a54fb,0dde45f98279700aa649783b45c391c0,Liked,16,9,1705569011
5107502f985aa0b73854b067bc41f4b3,26cbcb970c9963d063f7d587fe7ff5a9,Liked,34,10,1705566550
5107502f985aa0b73854b067bc41f4b3,df382b18cef70d0c92131e4cf69efd0c,Shared,16,11,1705569298
3adcf32f5562d8568d613b325044405c,fc51ec638fad4a4f2346b2b8c3fb9a1c,Shared,54,36,1705566734
