item_id,Object Key,URL
0229af965504092d1063e4975313d23a,shortVideos/0229af965504092d1063e4975313d23a.mp4,https://tezda-images.s3.amazonaws.com/shortVideos/0229af965504092d1063e4975313d23a.mp4
031906b7266b6f944e56346b77cf8040,shortVideos/031906b7266b6f944e56346b77cf8040.mp4,https://tezda-images.s3.amazonaws.com/shortVideos/031906b7266b6f944e56346b77cf8040.mp4
035c49f2ca42bb0fbd8555782c1873d2,shortVideos/035c49f2ca42bb0fbd8555782c1873d2.mp4,https://tezda-images.s3.amazonaws.com/shortVideos/035c49f2ca42bb0fbd8555782c1873d2.mp4
073816f058c4a39b6ba60b9585fc320e,shortVideos/073816f058c4a39b6ba60b9585fc320e.mp4,https://tezda-images.s3.amazonaws.com/shortVideos/073816f058c4a39b6ba60b9585fc320e.mp4
0763f85a91ebec448114a40707c16e43,shortVideos/0763f85a91ebec448114a40707c16e43.mp4,https://tezda-images.s3.amazonaws.com/shortVideos/0763f85a91ebec448114a40707c16e43.mp4
076bb9628c8bd416f481a363d10b84a0,shortVideos/076bb9628c8bd416f481a363d10b84a0.mp4,https://tezda-images.s3.amazonaws.com/shortVideos/076bb9628c8bd416f481a363d10b84a0.mp4
086b999c965e7d784a7cc7dee3187406,shortVideos/086b999c965e7d784a7cc7dee3187406.mp4,https://tezda-images.s3.amazonaws.com/shortVideos/086b999c965e7d784a7cc7dee3187406.mp4
0c99b8c114fb8979021c3484b8a1f4d7,shortVideos/0c99b8c114fb8979021c3484b8a1f4d7.mp4,https://tezda-images.s3.amazonaws.com/shortVideos/0c99b8c114fb8979021c3484b8a1f4d7.mp4
0dde45f98279700aa649783b45c391c0,shortVideos/0dde45f98279700aa649783b45c391c0.mp4,https://tezda-images.s3.amazonaws.com/shortVideos/0dde45f98279700aa649783b45c391c0.mp4
0efb5672a1c7e9e0683f31a97eec0bc8,shortVideos/0efb5672a1c7e9e0683f31a97eec0bc8.mp4,https://tezda-images.s3.amazonaws.com/shortVideos/0efb5672a1c7e9e0683f31a97eec0bc8.mp4
0f936a6c54d3e6126ddfe89056d4b35e,shortVideos/0f936a6c54d3e6126ddfe89056d4b35e.mp4,https://tezda-images.s3.amazonaws.com/shortVideos/0f936a6c54d3e6126ddfe89056d4b35e.mp4
112d2f0dbb28661cc87e6047a2e3d4ae,shortVideos/112d2f0dbb28661cc87e6047a2e3d4ae.mp4,https://tezda-images.s3.amazonaws.com/shortVideos/112d2f0dbb28661cc87e6047a2e3d4ae.mp4
17f6ecc4d6505aa071d1e310e8c195e7,shortVideos/17f6ecc4d6505aa071d1e310e8c195e7.mp4,https://tezda-images.s3.amazonaws.com/shortVideos/17f6ecc4d6505aa071d1e310e8c195e7.mp4
1818e44ced0eeaa5676393aa4ce97a91,shortVideos/1818e44ced0eeaa5676393aa4ce97a91.mp4,https://tezda-images.s3.amazonaws.com/shortVideos/1818e44ced0eeaa5676393aa4ce97a91.mp4
1931bf56b1abc1a9f601b8ba5957fb70,shortVideos/1931bf56b1abc1a9f601b8ba5957fb70.mp4,https://tezda-images.s3.amazonaws.com/shortVideos/1931bf56b1abc1a9f601b8ba5957fb70.mp4
1ae8e0c1c81097568950ffb384acd729,shortVideos/1ae8e0c1c81097568950ffb384acd729.mp4,https://tezda-images.s3.amazonaws.com/shortVideos/1ae8e0c1c81097568950ffb384acd729.mp4
1c001092a3b5105d4be173d3a58f5305,shortVideos/1c001092a3b5105d4be173d3a58f5305.mp4,https://tezda-images.s3.amazonaws.com/shortVideos/1c001092a3b5105d4be173d3a58f5305.mp4
1c80ab421aaf309cbad642147b4112b5,shortVideos/1c80ab421aaf309cbad642147b4112b5.mp4,https://tezda-images.s3.amazonaws.com/shortVideos/1c80ab421aaf309cbad642147b4112b5.mp4
1dfa0473b8b473a25018d8eb655bbe89,shortVideos/1dfa0473b8b473a25018d8eb655bbe89.mp4,https://tezda-images.s3.amazonaws.com/shortVideos/1dfa0473b8b473a25018d8eb655bbe89.mp4
1f4e2dbcf7efc39d4e9d2bcdfafaac9a,shortVideos/1f4e2dbcf7efc39d4e9d2bcdfafaac9a.mp4,https://tezda-images.s3.amazonaws.com/shortVideos/1f4e2dbcf7efc39d4e9d2bcdfafaac9a.mp4
23070d03a2b374b078414bf73666a4df,shortVideos/23070d03a2b374b078414bf73666a4df.mp4,https://tezda-images.s3.amazonaws.com/shortVideos/23070d03a2b374b078414bf73666a4df.mp4
25abefbafeaf09adb4ceae8ef1a1b47c,shortVideos/25abefbafeaf09adb4ceae8ef1a1b47c.mp4,https://tezda-images.s3.amazonaws.com/shortVideos/25abefbafeaf09adb4ceae8ef1a1b47c.mp4
26568621ecebca2a253a7010f528abf5,shortVideos/26568621ecebca2a253a7010f528abf5.mp4,https://tezda-images.s3.amazonaws.com/shortVideos/26568621ecebca2a253a7010f528abf5.mp4
26cbcb970c9963d063f7d587fe7ff5a9,shortVideos/26cbcb970c9963d063f7d587fe7ff5a9.mp4,https://tezda-images.s3.amazonaws.com/shortVideos/26cbcb970c9963d063f7d587fe7ff5a9.mp4
2802905a1f87e08e96ad94f9ccb403e6,shortVideos/2802905a1f87e08e96ad94f9ccb403e6.mp4,https://tezda-images.s3.amazonaws.com/shortVideos/2802905a1f87e08e96ad94f9ccb403e6.mp4
2e629f43d2d86f74594943c801ad0967,shortVideos/2e629f43d2d86f74594943c801ad0967.mp4,https://tezda-images.s3.amazonaws.com/shortVideos/2e629f43d2d86f74594943c801ad0967.mp4
321f890fd8918406fd42d8ad0affd760,shortVideos/321f890fd8918406fd42d8ad0affd760.mp4,https://tezda-images.s3.amazonaws.com/shortVideos/321f890fd8918406fd42d8ad0affd760.mp4
33792a625e1174377fc689bdfdb4b5fd,shortVideos/33792a625e1174377fc689bdfdb4b5fd.mp4,https://tezda-images.s3.amazonaws.com/shortVideos/33792a625e1174377fc689bdfdb4b5fd.mp4
3edd04aca20f6d877dda04e7437376d6,shortVideos/3edd04aca20f6d877dda04e7437376d6.mp4,https://tezda-images.s3.amazonaws.com/shortVideos/3edd04aca20f6d877dda04e7437376d6.mp4
3eefb39a416b942cc89fba599fdb2f5c,shortVideos/3eefb39a416b942cc89fba599fdb2f5c.mp4,https://tezda-images.s3.amazonaws.com/shortVideos/3eefb39a416b942cc89fba599fdb2f5c.mp4
3f44d737119484cb06dc8074cfd6ba99,shortVideos/3f44d737119484cb06dc8074cfd6ba99.mp4,https://tezda-images.s3.amazonaws.com/shortVideos/3f44d737119484cb06dc8074cfd6ba99.mp4
40fc2e98607e6b6448693cfa448f909b,shortVideos/40fc2e98607e6b6448693cfa448f909b.mp4,https://tezda-images.s3.amazonaws.com/shortVideos/40fc2e98607e6b6448693cfa448f909b.mp4
41043c99690411d492b458f7c58de15e,shortVideos/41043c99690411d492b458f7c58de15e.mp4,https://tezda-images.s3.amazonaws.com/shortVideos/41043c99690411d492b458f7c58de15e.mp4
42d148a049f2d03982e4ecf97141bb36,shortVideos/42d148a049f2d03982e4ecf97141bb36.mp4,https://tezda-images.s3.amazonaws.com/shortVideos/42d148a049f2d03982e4ecf97141bb36.mp4
4931b8031515d7854f09c1397a64e4a5,shortVideos/4931b8031515d7854f09c1397a64e4a5.mp4,https://tezda-images.s3.amazonaws.com/shortVideos/4931b8031515d7854f09c1397a64e4a5.mp4
4a5f2f2b10912d0c693da318cdffd636,shortVideos/4a5f2f2b10912d0c693da318cdffd636.mp4,https://tezda-images.s3.amazonaws.com/shortVideos/4a5f2f2b10912d0c693da318cdffd636.mp4
4b40d87c36793bbf370868135e1a9907,shortVideos/4b40d87c36793bbf370868135e1a9907.mp4,https://tezda-images.s3.amazonaws.com/shortVideos/4b40d87c36793bbf370868135e1a9907.mp4
4dd3e9ed228b95473d6488cb334687f0,shortVideos/4dd3e9ed228b95473d6488cb334687f0.mp4,https://tezda-images.s3.amazonaws.com/shortVideos/4dd3e9ed228b95473d6488cb334687f0.mp4
4f7227811e38795b8398c3a86d49c4d3,shortVideos/4f7227811e38795b8398c3a86d49c4d3.mp4,https://tezda-images.s3.amazonaws.com/shortVideos/4f7227811e38795b8398c3a86d49c4d3.mp4
4fcb85284a95d362e473229eb13801fb,shortVideos/4fcb85284a95d362e473229eb13801fb.mp4,https://tezda-images.s3.amazonaws.com/shortVideos/4fcb85284a95d362e473229eb13801fb.mp4
556a98f671cca7d7200edebdfa8f5bef,shortVideos/556a98f671cca7d7200edebdfa8f5bef.mp4,https://tezda-images.s3.amazonaws.com/shortVideos/556a98f671cca7d7200edebdfa8f5bef.mp4
568f4def7c41a6d4601cdb0c932a5179,shortVideos/568f4def7c41a6d4601cdb0c932a5179.mp4,https://tezda-images.s3.amazonaws.com/shortVideos/568f4def7c41a6d4601cdb0c932a5179.mp4
58bc3d846d19efd6587385e4cd5b4eb0,shortVideos/58bc3d846d19efd6587385e4cd5b4eb0.mp4,https://tezda-images.s3.amazonaws.com/shortVideos/58bc3d846d19efd6587385e4cd5b4eb0.mp4
58d5743b213dcef8a3d931217ac1c687,shortVideos/58d5743b213dcef8a3d931217ac1c687.mp4,https://tezda-images.s3.amazonaws.com/shortVideos/58d5743b213dcef8a3d931217ac1c687.mp4
5eb362c642ec48ee7eeacb81542f3fe6,shortVideos/5eb362c642ec48ee7eeacb81542f3fe6.mp4,https://tezda-images.s3.amazonaws.com/shortVideos/5eb362c642ec48ee7eeacb81542f3fe6.mp4
5ec49f54d3089724430af77293f553ff,shortVideos/5ec49f54d3089724430af77293f553ff.mp4,https://tezda-images.s3.amazonaws.com/shortVideos/5ec49f54d3089724430af77293f553ff.mp4
60d966598e7adf8879a741ab986386bb,shortVideos/60d966598e7adf8879a741ab986386bb.mp4,https://tezda-images.s3.amazonaws.com/shortVideos/60d966598e7adf8879a741ab986386bb.mp4
6592abd8be01e1646c433e604f5be5f7,shortVideos/6592abd8be01e1646c433e604f5be5f7.mp4,https://tezda-images.s3.amazonaws.com/shortVideos/6592abd8be01e1646c433e604f5be5f7.mp4
663dfd0f6bb929532c0649e32a73df1a,shortVideos/663dfd0f6bb929532c0649e32a73df1a.mp4,https://tezda-images.s3.amazonaws.com/shortVideos/663dfd0f6bb929532c0649e32a73df1a.mp4
67284fd5bb784761b47c66ef222fa3a7,shortVideos/67284fd5bb784761b47c66ef222fa3a7.mp4,https://tezda-images.s3.amazonaws.com/shortVideos/67284fd5bb784761b47c66ef222fa3a7.mp4
68f4218c8f7db41b9874fe022405a354,shortVideos/68f4218c8f7db41b9874fe022405a354.mp4,https://tezda-images.s3.amazonaws.com/shortVideos/68f4218c8f7db41b9874fe022405a354.mp4
6c3513e573b43011cf2414f6da4e5b84,shortVideos/6c3513e573b43011cf2414f6da4e5b84.mp4,https://tezda-images.s3.amazonaws.com/shortVideos/6c3513e573b43011cf2414f6da4e5b84.mp4
6e0e010dee526f9d7aab46b2e4682a9f,shortVideos/6e0e010dee526f9d7aab46b2e4682a9f.mp4,https://tezda-images.s3.amazonaws.com/shortVideos/6e0e010dee526f9d7aab46b2e4682a9f.mp4
6e899157d4fef025e398888b5bc3d378,shortVideos/6e899157d4fef025e398888b5bc3d378.mp4,https://tezda-images.s3.amazonaws.com/shortVideos/6e899157d4fef025e398888b5bc3d378.mp4
7013dbfa66729f6fbe236a205bb1d891,shortVideos/7013dbfa66729f6fbe236a205bb1d891.mp4,https://tezda-images.s3.amazonaws.com/shortVideos/7013dbfa66729f6fbe236a205bb1d891.mp4
70abe2f0fddd9d6c6edf601b522ced2e,shortVideos/70abe2f0fddd9d6c6edf601b522ced2e.mp4,https://tezda-images.s3.amazonaws.com/shortVideos/70abe2f0fddd9d6c6edf601b522ced2e.mp4
70ca3b97f22088ee6bc4bc22e734ab79,shortVideos/70ca3b97f22088ee6bc4bc22e734ab79.mp4,https://tezda-images.s3.amazonaws.com/shortVideos/70ca3b97f22088ee6bc4bc22e734ab79.mp4
7684dde2e9f0bafb40799362084a9bf5,shortVideos/7684dde2e9f0bafb40799362084a9bf5.mp4,https://tezda-images.s3.amazonaws.com/shortVideos/7684dde2e9f0bafb40799362084a9bf5.mp4
79d00fee3b1572fc49818ce2f9ac859f,shortVideos/79d00fee3b1572fc49818ce2f9ac859f.mp4,https://tezda-images.s3.amazonaws.com/shortVideos/79d00fee3b1572fc49818ce2f9ac859f.mp4
7bdd38c702f5448926fcd6cc6c305d76,shortVideos/7bdd38c702f5448926fcd6cc6c305d76.mp4,https://tezda-images.s3.amazonaws.com/shortVideos/7bdd38c702f5448926fcd6cc6c305d76.mp4
7cbe8001605e39226a03bd7e715e0f5b,shortVideos/7cbe8001605e39226a03bd7e715e0f5b.mp4,https://tezda-images.s3.amazonaws.com/shortVideos/7cbe8001605e39226a03bd7e715e0f5b.mp4
823dad9c9f6b1e76d993661cddb64115,shortVideos/823dad9c9f6b1e76d993661cddb64115.mp4,https://tezda-images.s3.amazonaws.com/shortVideos/823dad9c9f6b1e76d993661cddb64115.mp4
8314b8d54265ee994dfb3a19e52d8b6c,shortVideos/8314b8d54265ee994dfb3a19e52d8b6c.mp4,https://tezda-images.s3.amazonaws.com/shortVideos/8314b8d54265ee994dfb3a19e52d8b6c.mp4
864f69ce13deace55f5dda5c71d4e8a3,shortVideos/864f69ce13deace55f5dda5c71d4e8a3.mp4,https://tezda-images.s3.amazonaws.com/shortVideos/864f69ce13deace55f5dda5c71d4e8a3.mp4
86924b031e7278789e782b6711770fdc,shortVideos/86924b031e7278789e782b6711770fdc.mp4,https://tezda-images.s3.amazonaws.com/shortVideos/86924b031e7278789e782b6711770fdc.mp4
87f12ca50be64c5f8f837407842cdbaf,shortVideos/87f12ca50be64c5f8f837407842cdbaf.mp4,https://tezda-images.s3.amazonaws.com/shortVideos/87f12ca50be64c5f8f837407842cdbaf.mp4
8936892d9f8c3a986ae5cf1270ff0196,shortVideos/8936892d9f8c3a986ae5cf1270ff0196.mp4,https://tezda-images.s3.amazonaws.com/shortVideos/8936892d9f8c3a986ae5cf1270ff0196.mp4
89e8ec8a19d882b8edf04d291ff78f90,shortVideos/89e8ec8a19d882b8edf04d291ff78f90.mp4,https://tezda-images.s3.amazonaws.com/shortVideos/89e8ec8a19d882b8edf04d291ff78f90.mp4
8aba168c453addbc11b39e9c1fb8378e,shortVideos/8aba168c453addbc11b39e9c1fb8378e.mp4,https://tezda-images.s3.amazonaws.com/shortVideos/8aba168c453addbc11b39e9c1fb8378e.mp4
8c000918cb99dc5f2f011464a09c94d4,shortVideos/8c000918cb99dc5f2f011464a09c94d4.mp4,https://tezda-images.s3.amazonaws.com/shortVideos/8c000918cb99dc5f2f011464a09c94d4.mp4
901c7be5c5b2668c55092ab70b5a29c2,shortVideos/901c7be5c5b2668c55092ab70b5a29c2.mp4,https://tezda-images.s3.amazonaws.com/shortVideos/901c7be5c5b2668c55092ab70b5a29c2.mp4
924bbced65b0d52be7a3321c4178be6d,shortVideos/924bbced65b0d52be7a3321c4178be6d.mp4,https://tezda-images.s3.amazonaws.com/shortVideos/924bbced65b0d52be7a3321c4178be6d.mp4
92c3983c0d41372eaffde86c17d5582b,shortVideos/92c3983c0d41372eaffde86c17d5582b.mp4,https://tezda-images.s3.amazonaws.com/shortVideos/92c3983c0d41372eaffde86c17d5582b.mp4
93eca6b49eb656f26536572e588be8ff,shortVideos/93eca6b49eb656f26536572e588be8ff.mp4,https://tezda-images.s3.amazonaws.com/shortVideos/93eca6b49eb656f26536572e588be8ff.mp4
97f3e1273db07bea90bc0529d49afac1,shortVideos/97f3e1273db07bea90bc0529d49afac1.mp4,https://tezda-images.s3.amazonaws.com/shortVideos/97f3e1273db07bea90bc0529d49afac1.mp4
9827e08db5f1f52c92a5700a27721b14,shortVideos/9827e08db5f1f52c92a5700a27721b14.mp4,https://tezda-images.s3.amazonaws.com/shortVideos/9827e08db5f1f52c92a5700a27721b14.mp4
98b9503dfe2b76b8bf06e4c787a45034,shortVideos/98b9503dfe2b76b8bf06e4c787a45034.mp4,https://tezda-images.s3.amazonaws.com/shortVideos/98b9503dfe2b76b8bf06e4c787a45034.mp4
9c39aead9c4e3bfaa7998ae20ffcee0f,shortVideos/9c39aead9c4e3bfaa7998ae20ffcee0f.mp4,https://tezda-images.s3.amazonaws.com/shortVideos/9c39aead9c4e3bfaa7998ae20ffcee0f.mp4
9c548e70860e94fcaf54d2758c0ba29a,shortVideos/9c548e70860e94fcaf54d2758c0ba29a.mp4,https://tezda-images.s3.amazonaws.com/shortVideos/9c548e70860e94fcaf54d2758c0ba29a.mp4
9cdb643efb4530f276fd82b7676b1f7d,shortVideos/9cdb643efb4530f276fd82b7676b1f7d.mp4,https://tezda-images.s3.amazonaws.com/shortVideos/9cdb643efb4530f276fd82b7676b1f7d.mp4
a33b318269586bb13c49cccd429c3265,shortVideos/a33b318269586bb13c49cccd429c3265.mp4,https://tezda-images.s3.amazonaws.com/shortVideos/a33b318269586bb13c49cccd429c3265.mp4
ac161de3eafb5fbd4e56afa35ed8571d,shortVideos/ac161de3eafb5fbd4e56afa35ed8571d.mp4,https://tezda-images.s3.amazonaws.com/shortVideos/ac161de3eafb5fbd4e56afa35ed8571d.mp4
b0660b0ab040c8e026e4b9d1f9d895be,shortVideos/b0660b0ab040c8e026e4b9d1f9d895be.mp4,https://tezda-images.s3.amazonaws.com/shortVideos/b0660b0ab040c8e026e4b9d1f9d895be.mp4
b2b4d380c3b10b246a71e89ceeb8c708,shortVideos/b2b4d380c3b10b246a71e89ceeb8c708.mp4,https://tezda-images.s3.amazonaws.com/shortVideos/b2b4d380c3b10b246a71e89ceeb8c708.mp4
b5842d770e1d2297c33ef19d7375b58c,shortVideos/b5842d770e1d2297c33ef19d7375b58c.mp4,https://tezda-images.s3.amazonaws.com/shortVideos/b5842d770e1d2297c33ef19d7375b58c.mp4
b5983cf8f792500f8b7af484ddf3f5e4,shortVideos/b5983cf8f792500f8b7af484ddf3f5e4.mp4,https://tezda-images.s3.amazonaws.com/shortVideos/b5983cf8f792500f8b7af484ddf3f5e4.mp4
b5cfad24c11fd4a4a9a640c8ba3f4822,shortVideos/b5cfad24c11fd4a4a9a640c8ba3f4822.mp4,https://tezda-images.s3.amazonaws.com/shortVideos/b5cfad24c11fd4a4a9a640c8ba3f4822.mp4
b6151a57fd74de9ee3bd0ca09bb82b45,shortVideos/b6151a57fd74de9ee3bd0ca09bb82b45.mp4,https://tezda-images.s3.amazonaws.com/shortVideos/b6151a57fd74de9ee3bd0ca09bb82b45.mp4
b6a46b96d960d9a6e95a83228da79526,shortVideos/b6a46b96d960d9a6e95a83228da79526.mp4,https://tezda-images.s3.amazonaws.com/shortVideos/b6a46b96d960d9a6e95a83228da79526.mp4
b6a635f8fb2b63ce727985adf90a620b,shortVideos/b6a635f8fb2b63ce727985adf90a620b.mp4,https://tezda-images.s3.amazonaws.com/shortVideos/b6a635f8fb2b63ce727985adf90a620b.mp4
b742498d60ac6a633892138eed8ce0fd,shortVideos/b742498d60ac6a633892138eed8ce0fd.mp4,https://tezda-images.s3.amazonaws.com/shortVideos/b742498d60ac6a633892138eed8ce0fd.mp4
b794b1fbe37375428a0d1a64c0a3b072,shortVideos/b794b1fbe37375428a0d1a64c0a3b072.mp4,https://tezda-images.s3.amazonaws.com/shortVideos/b794b1fbe37375428a0d1a64c0a3b072.mp4
b8b3ce3b74093f68faa156731b941a10,shortVideos/b8b3ce3b74093f68faa156731b941a10.mp4,https://tezda-images.s3.amazonaws.com/shortVideos/b8b3ce3b74093f68faa156731b941a10.mp4
b8dfea36045cb9aff5c4b651c449db65,shortVideos/b8dfea36045cb9aff5c4b651c449db65.mp4,https://tezda-images.s3.amazonaws.com/shortVideos/b8dfea36045cb9aff5c4b651c449db65.mp4
ba13f9630523b916c9a5e109c9558653,shortVideos/ba13f9630523b916c9a5e109c9558653.mp4,https://tezda-images.s3.amazonaws.com/shortVideos/ba13f9630523b916c9a5e109c9558653.mp4
bc53ea46479084e9c70168e374581ad5,shortVideos/bc53ea46479084e9c70168e374581ad5.mp4,https://tezda-images.s3.amazonaws.com/shortVideos/bc53ea46479084e9c70168e374581ad5.mp4
be35d625d103fc69744d86e305efea06,shortVideos/be35d625d103fc69744d86e305efea06.mp4,https://tezda-images.s3.amazonaws.com/shortVideos/be35d625d103fc69744d86e305efea06.mp4
be5a7b7ca77f8e0de9fe5a12479ef45d,shortVideos/be5a7b7ca77f8e0de9fe5a12479ef45d.mp4,https://tezda-images.s3.amazonaws.com/shortVideos/be5a7b7ca77f8e0de9fe5a12479ef45d.mp4
c02094d05a29afc10e5556ee392b195f,shortVideos/c02094d05a29afc10e5556ee392b195f.mp4,https://tezda-images.s3.amazonaws.com/shortVideos/c02094d05a29afc10e5556ee392b195f.mp4
c061489180dfa7f8864fa70f08879966,shortVideos/c061489180dfa7f8864fa70f08879966.mp4,https://tezda-images.s3.amazonaws.com/shortVideos/c061489180dfa7f8864fa70f08879966.mp4
c09e8de2336177e58550a133004dedbc,shortVideos/c09e8de2336177e58550a133004dedbc.mp4,https://tezda-images.s3.amazonaws.com/shortVideos/c09e8de2336177e58550a133004dedbc.mp4
c2a9bb601fd2f559f67db470202fdd1a,shortVideos/c2a9bb601fd2f559f67db470202fdd1a.mp4,https://tezda-images.s3.amazonaws.com/shortVideos/c2a9bb601fd2f559f67db470202fdd1a.mp4
c3641548b3dde11ab33fc9a674e67f4c,shortVideos/c3641548b3dde11ab33fc9a674e67f4c.mp4,https://tezda-images.s3.amazonaws.com/shortVideos/c3641548b3dde11ab33fc9a674e67f4c.mp4
c476fa3aeba6dbda1ac6502fec0904fe,shortVideos/c476fa3aeba6dbda1ac6502fec0904fe.mp4,https://tezda-images.s3.amazonaws.com/shortVideos/c476fa3aeba6dbda1ac6502fec0904fe.mp4
c59e9cfffc0cba73c9673131ac270009,shortVideos/c59e9cfffc0cba73c9673131ac270009.mp4,https://tezda-images.s3.amazonaws.com/shortVideos/c59e9cfffc0cba73c9673131ac270009.mp4
c5a8744185a281978d31c1575232614c,shortVideos/c5a8744185a281978d31c1575232614c.mp4,https://tezda-images.s3.amazonaws.com/shortVideos/c5a8744185a281978d31c1575232614c.mp4
c652a5a5f7f07ff0b6e947f3bdd4ffbb,shortVideos/c652a5a5f7f07ff0b6e947f3bdd4ffbb.mp4,https://tezda-images.s3.amazonaws.com/shortVideos/c652a5a5f7f07ff0b6e947f3bdd4ffbb.mp4
c6a673aa5d34f89ede32a5631f006886,shortVideos/c6a673aa5d34f89ede32a5631f006886.mp4,https://tezda-images.s3.amazonaws.com/shortVideos/c6a673aa5d34f89ede32a5631f006886.mp4
c992fe6fa6e8f4f304df69a2fae4cb08,shortVideos/c992fe6fa6e8f4f304df69a2fae4cb08.mp4,https://tezda-images.s3.amazonaws.com/shortVideos/c992fe6fa6e8f4f304df69a2fae4cb08.mp4
caa02c883204b9937b2b1ae5b6b84381,shortVideos/caa02c883204b9937b2b1ae5b6b84381.mp4,https://tezda-images.s3.amazonaws.com/shortVideos/caa02c883204b9937b2b1ae5b6b84381.mp4
cb061473fc4d14ac8f84ec9d8000f0c5,shortVideos/cb061473fc4d14ac8f84ec9d8000f0c5.mp4,https://tezda-images.s3.amazonaws.com/shortVideos/cb061473fc4d14ac8f84ec9d8000f0c5.mp4
cd72fc8151b7ce343299664a4cae0823,shortVideos/cd72fc8151b7ce343299664a4cae0823.mp4,https://tezda-images.s3.amazonaws.com/shortVideos/cd72fc8151b7ce343299664a4cae0823.mp4
cea477054ab26d3e85468347d2b339da,shortVideos/cea477054ab26d3e85468347d2b339da.mp4,https://tezda-images.s3.amazonaws.com/shortVideos/cea477054ab26d3e85468347d2b339da.mp4
cefb1cb3010e41df8cf67b3d344dfa09,shortVideos/cefb1cb3010e41df8cf67b3d344dfa09.mp4,https://tezda-images.s3.amazonaws.com/shortVideos/cefb1cb3010e41df8cf67b3d344dfa09.mp4
d27629b2dfe11e406f1eed1733f68f04,shortVideos/d27629b2dfe11e406f1eed1733f68f04.mp4,https://tezda-images.s3.amazonaws.com/shortVideos/d27629b2dfe11e406f1eed1733f68f04.mp4
d4124e17e92f28577eb6e0e4dcd201be,shortVideos/d4124e17e92f28577eb6e0e4dcd201be.mp4,https://tezda-images.s3.amazonaws.com/shortVideos/d4124e17e92f28577eb6e0e4dcd201be.mp4
d495a8580881a42f4d6e40efb3da98bc,shortVideos/d495a8580881a42f4d6e40efb3da98bc.mp4,https://tezda-images.s3.amazonaws.com/shortVideos/d495a8580881a42f4d6e40efb3da98bc.mp4
d644995306ba1c7976c40f8b8b354ccb,shortVideos/d644995306ba1c7976c40f8b8b354ccb.mp4,https://tezda-images.s3.amazonaws.com/shortVideos/d644995306ba1c7976c40f8b8b354ccb.mp4
da2389a54e766408b5da05133b890369,shortVideos/da2389a54e766408b5da05133b890369.mp4,https://tezda-images.s3.amazonaws.com/shortVideos/da2389a54e766408b5da05133b890369.mp4
da38d92c37bdcd3c727fc22b2fd42d88,shortVideos/da38d92c37bdcd3c727fc22b2fd42d88.mp4,https://tezda-images.s3.amazonaws.com/shortVideos/da38d92c37bdcd3c727fc22b2fd42d88.mp4
db5488875bb4b0d65486989e13c61476,shortVideos/db5488875bb4b0d65486989e13c61476.mp4,https://tezda-images.s3.amazonaws.com/shortVideos/db5488875bb4b0d65486989e13c61476.mp4
db85c0fbb319209616e48467f5add57a,shortVideos/db85c0fbb319209616e48467f5add57a.mp4,https://tezda-images.s3.amazonaws.com/shortVideos/db85c0fbb319209616e48467f5add57a.mp4
dbcdea131eadb3f303e12491eb7ab4bd,shortVideos/dbcdea131eadb3f303e12491eb7ab4bd.mp4,https://tezda-images.s3.amazonaws.com/shortVideos/dbcdea131eadb3f303e12491eb7ab4bd.mp4
defe08ff84becc2e793d335ab7cc3a4f,shortVideos/defe08ff84becc2e793d335ab7cc3a4f.mp4,https://tezda-images.s3.amazonaws.com/shortVideos/defe08ff84becc2e793d335ab7cc3a4f.mp4
df382b18cef70d0c92131e4cf69efd0c,shortVideos/df382b18cef70d0c92131e4cf69efd0c.mp4,https://tezda-images.s3.amazonaws.com/shortVideos/df382b18cef70d0c92131e4cf69efd0c.mp4
dfa24547b86881cbebce7eea8a2e8a5e,shortVideos/dfa24547b86881cbebce7eea8a2e8a5e.mp4,https://tezda-images.s3.amazonaws.com/shortVideos/dfa24547b86881cbebce7eea8a2e8a5e.mp4
e082c6fa555723edf6a1db4fb04b1c50,shortVideos/e082c6fa555723edf6a1db4fb04b1c50.mp4,https://tezda-images.s3.amazonaws.com/shortVideos/e082c6fa555723edf6a1db4fb04b1c50.mp4
e1ef3aff719b42afb939f5d073e6210f,shortVideos/e1ef3aff719b42afb939f5d073e6210f.mp4,https://tezda-images.s3.amazonaws.com/shortVideos/e1ef3aff719b42afb939f5d073e6210f.mp4
e2b4e84f104d40e7847b06afa450a733,shortVideos/e2b4e84f104d40e7847b06afa450a733.mp4,https://tezda-images.s3.amazonaws.com/shortVideos/e2b4e84f104d40e7847b06afa450a733.mp4
e5cbf248085a39f9c7d74485f8eeb4aa,shortVideos/e5cbf248085a39f9c7d74485f8eeb4aa.mp4,https://tezda-images.s3.amazonaws.com/shortVideos/e5cbf248085a39f9c7d74485f8eeb4aa.mp4
e74409239f8d80ba8774080d291edf5c,shortVideos/e74409239f8d80ba8774080d291edf5c.mp4,https://tezda-images.s3.amazonaws.com/shortVideos/e74409239f8d80ba8774080d291edf5c.mp4
e89ef1a169442cd3fd97768f8b7eca85,shortVideos/e89ef1a169442cd3fd97768f8b7eca85.mp4,https://tezda-images.s3.amazonaws.com/shortVideos/e89ef1a169442cd3fd97768f8b7eca85.mp4
e93bd12bd175a917df345cc1aa111440,shortVideos/e93bd12bd175a917df345cc1aa111440.mp4,https://tezda-images.s3.amazonaws.com/shortVideos/e93bd12bd175a917df345cc1aa111440.mp4
ecf890e409e06086d5ba5a01c96ddc88,shortVideos/ecf890e409e06086d5ba5a01c96ddc88.mp4,https://tezda-images.s3.amazonaws.com/shortVideos/ecf890e409e06086d5ba5a01c96ddc88.mp4
ed4c428c6483d7b42dbc82c883095bcc,shortVideos/ed4c428c6483d7b42dbc82c883095bcc.mp4,https://tezda-images.s3.amazonaws.com/shortVideos/ed4c428c6483d7b42dbc82c883095bcc.mp4
f2b42237ed566bf3baeceda6b879dd4d,shortVideos/f2b42237ed566bf3baeceda6b879dd4d.mp4,https://tezda-images.s3.amazonaws.com/shortVideos/f2b42237ed566bf3baeceda6b879dd4d.mp4
f34ade583e14ed6f5dfd33503f3111fe,shortVideos/f34ade583e14ed6f5dfd33503f3111fe.mp4,https://tezda-images.s3.amazonaws.com/shortVideos/f34ade583e14ed6f5dfd33503f3111fe.mp4
f34d07be7611ffb5111abafbdea5c59e,shortVideos/f34d07be7611ffb5111abafbdea5c59e.mp4,https://tezda-images.s3.amazonaws.com/shortVideos/f34d07be7611ffb5111abafbdea5c59e.mp4
f435e5204f6e4ecadff7ba015951313d,shortVideos/f435e5204f6e4ecadff7ba015951313d.mp4,https://tezda-images.s3.amazonaws.com/shortVideos/f435e5204f6e4ecadff7ba015951313d.mp4
f7367adaf165593b8b9755e1c463bdba,shortVideos/f7367adaf165593b8b9755e1c463bdba.mp4,https://tezda-images.s3.amazonaws.com/shortVideos/f7367adaf165593b8b9755e1c463bdba.mp4
fc51ec638fad4a4f2346b2b8c3fb9a1c,shortVideos/fc51ec638fad4a4f2346b2b8c3fb9a1c.mp4,https://tezda-images.s3.amazonaws.com/shortVideos/fc51ec638fad4a4f2346b2b8c3fb9a1c.mp4
fde6d5a7e2541644667f5b77d81f2972,shortVideos/fde6d5a7e2541644667f5b77d81f2972.mp4,https://tezda-images.s3.amazonaws.com/shortVideos/fde6d5a7e2541644667f5b77d81f2972.mp4
ff587b166432a459a3486771f50b3641,shortVideos/ff587b166432a459a3486771f50b3641.mp4,https://tezda-images.s3.amazonaws.com/shortVideos/ff587b166432a459a3486771f50b3641.mp4
ff9a681bb69c6a0e936760f27520e632,shortVideos/ff9a681bb69c6a0e936760f27520e632.mp4,https://tezda-images.s3.amazonaws.com/shortVideos/ff9a681bb69c6a0e936760f27520e632.mp4
ffd75dfe63c5051b5c86d39ae2283d08,shortVideos/ffd75dfe63c5051b5c86d39ae2283d08.mp4,https://tezda-images.s3.amazonaws.com/shortVideos/ffd75dfe63c5051b5c86d39ae2283d08.mp4
